"20081","Antiques",,,,,,,"20081","20081"
"37903","Antiques","Antiquities",,,,,,"37903","20081"
"37908","Antiques","Antiquities","The Americas",,,,,"37908","37903"
"162922","Antiques","Antiquities","Byzantine",,,,,"162922","37903"
"162923","Antiques","Antiquities","Celtic",,,,,"162923","37903"
"37905","Antiques","Antiquities","Egyptian",,,,,"37905","37903"
"162916","Antiques","Antiquities","Far Eastern",,,,,"162916","37903"
"37906","Antiques","Antiquities","Greek",,,,,"37906","37903"
"162917","Antiques","Antiquities","Holy Land",,,,,"162917","37903"
"162918","Antiques","Antiquities","Islamic",,,,,"162918","37903"
"91101","Antiques","Antiquities","Near Eastern",,,,,"91101","37903"
"66834","Antiques","Antiquities","Neolithic & Paleolithic",,,,,"66834","37903"
"37907","Antiques","Antiquities","Roman",,,,,"37907","37903"
"162919","Antiques","Antiquities","South Italian",,,,,"162919","37903"
"162920","Antiques","Antiquities","Viking",,,,,"162920","37903"
"162921","Antiques","Antiquities","Reproductions",,,,,"162921","37903"
"171169","Antiques","Antiquities","Price Guides & Publications",,,,,"171169","37903"
"73464","Antiques","Antiquities","Other",,,,,"73464","37903"
"4707","Antiques","Architectural & Garden",,,,,,"4707","20081"
"162925","Antiques","Architectural & Garden","Balusters",,,,,"162925","4707"
"162926","Antiques","Architectural & Garden","Barn Doors",,,,,"162926","4707"
"162927","Antiques","Architectural & Garden","Beams",,,,,"162927","4707"
"37909","Antiques","Architectural & Garden","Ceiling Tins",,,,,"37909","4707"
"63516","Antiques","Architectural & Garden","Chandeliers, Fixtures, Sconces",,,,,"63516","4707"
"162928","Antiques","Architectural & Garden","Columns & Posts",,,,,"162928","4707"
"162929","Antiques","Architectural & Garden","Corbels",,,,,"162929","4707"
"37910","Antiques","Architectural & Garden","Doors",,,,,"37910","4707"
"63517","Antiques","Architectural & Garden","Finials",,,,,"63517","4707"
"63518","Antiques","Architectural & Garden","Fireplaces & Mantels",,,,,"63518","4707"
"4708","Antiques","Architectural & Garden","Garden",,,,,"4708","4707"
"37911","Antiques","Architectural & Garden","Hardware",,,,,"37911","4707"
"37912","Antiques","Architectural & Garden","Hardware","Door Bells & Knockers",,,,"37912","37911"
"37914","Antiques","Architectural & Garden","Hardware","Door Knobs & Handles",,,,"37914","37911"
"37916","Antiques","Architectural & Garden","Hardware","Door Plates & Backplates",,,,"37916","37911"
"162933","Antiques","Architectural & Garden","Hardware","Drawer Pulls",,,,"162933","37911"
"162934","Antiques","Architectural & Garden","Hardware","Escutcheons & Key Hole Covers",,,,"162934","37911"
"162935","Antiques","Architectural & Garden","Hardware","Heating Grates & Vents",,,,"162935","37911"
"37913","Antiques","Architectural & Garden","Hardware","Hooks & Brackets",,,,"37913","37911"
"37915","Antiques","Architectural & Garden","Hardware","Locks & Keys",,,,"37915","37911"
"162930","Antiques","Architectural & Garden","Hardware","Nails",,,,"162930","37911"
"162931","Antiques","Architectural & Garden","Hardware","Screws",,,,"162931","37911"
"162932","Antiques","Architectural & Garden","Hardware","Switch Plates & Outlet Covers",,,,"162932","37911"
"66637","Antiques","Architectural & Garden","Hardware","Other",,,,"66637","37911"
"162936","Antiques","Architectural & Garden","Pediments",,,,,"162936","4707"
"167948","Antiques","Architectural & Garden","Plumbing",,,,,"167948","4707"
"63519","Antiques","Architectural & Garden","Signs",,,,,"63519","4707"
"151721","Antiques","Architectural & Garden","Stained Glass Windows",,,,,"151721","4707"
"151722","Antiques","Architectural & Garden","Stained Glass Windows","Pre-1900",,,,"151722","151721"
"4771","Antiques","Architectural & Garden","Stained Glass Windows","1900-1940",,,,"4771","151721"
"151723","Antiques","Architectural & Garden","Stained Glass Windows","1940-Now",,,,"151723","151721"
"167947","Antiques","Architectural & Garden","Stained Glass Windows","Unknown",,,,"167947","151721"
"112084","Antiques","Architectural & Garden","Stair & Carpet Rods",,,,,"112084","4707"
"37917","Antiques","Architectural & Garden","Tiles",,,,,"37917","4707"
"37918","Antiques","Architectural & Garden","Weathervanes & Lightning Rods",,,,,"37918","4707"
"63520","Antiques","Architectural & Garden","Windows, Sashes & Locks",,,,,"63520","4707"
"162937","Antiques","Architectural & Garden","Reproductions",,,,,"162937","4707"
"171170","Antiques","Architectural & Garden","Price Guides & Publications",,,,,"171170","4707"
"1207","Antiques","Architectural & Garden","Other",,,,,"1207","4707"
"20082","Antiques","Asian Antiques",,,,,,"20082","20081"
"162938","Antiques","Asian Antiques","Burma",,,,,"162938","20082"
"37919","Antiques","Asian Antiques","China",,,,,"37919","20082"
"162939","Antiques","Asian Antiques","China","Amulets",,,,"162939","37919"
"162940","Antiques","Asian Antiques","China","Armor",,,,"162940","37919"
"37920","Antiques","Asian Antiques","China","Baskets",,,,"37920","37919"
"162941","Antiques","Asian Antiques","China","Bells",,,,"162941","37919"
"37921","Antiques","Asian Antiques","China","Bowls",,,,"37921","37919"
"37922","Antiques","Asian Antiques","China","Boxes",,,,"37922","37919"
"162966","Antiques","Asian Antiques","China","Bracelets",,,,"162966","37919"
"162967","Antiques","Asian Antiques","China","Brush Pots",,,,"162967","37919"
"162968","Antiques","Asian Antiques","China","Brush Washers",,,,"162968","37919"
"37923","Antiques","Asian Antiques","China","Cabinets",,,,"37923","37919"
"37924","Antiques","Asian Antiques","China","Chairs",,,,"37924","37919"
"37925","Antiques","Asian Antiques","China","Chests",,,,"37925","37919"
"162942","Antiques","Asian Antiques","China","Fans",,,,"162942","37919"
"37926","Antiques","Asian Antiques","China","Glasses & Cups",,,,"37926","37919"
"162943","Antiques","Asian Antiques","China","Incense Burners",,,,"162943","37919"
"162944","Antiques","Asian Antiques","China","Ink Stones",,,,"162944","37919"
"162945","Antiques","Asian Antiques","China","Masks",,,,"162945","37919"
"37927","Antiques","Asian Antiques","China","Necklaces & Pendants",,,,"37927","37919"
"38124","Antiques","Asian Antiques","China","Paintings & Scrolls",,,,"38124","37919"
"37928","Antiques","Asian Antiques","China","Plates",,,,"37928","37919"
"37929","Antiques","Asian Antiques","China","Pots",,,,"37929","37919"
"162946","Antiques","Asian Antiques","China","Rings",,,,"162946","37919"
"155352","Antiques","Asian Antiques","China","Robes & Textiles",,,,"155352","37919"
"162947","Antiques","Asian Antiques","China","Seals",,,,"162947","37919"
"37930","Antiques","Asian Antiques","China","Snuff Bottles",,,,"37930","37919"
"60189","Antiques","Asian Antiques","China","Statues",,,,"60189","37919"
"162948","Antiques","Asian Antiques","China","Statues","Birds",,,"162948","60189"
"60190","Antiques","Asian Antiques","China","Statues","Buddha",,,"60190","60189"
"162949","Antiques","Asian Antiques","China","Statues","Dogs",,,"162949","60189"
"60191","Antiques","Asian Antiques","China","Statues","Dragons",,,"60191","60189"
"60192","Antiques","Asian Antiques","China","Statues","Elephants",,,"60192","60189"
"162950","Antiques","Asian Antiques","China","Statues","Foo Dogs",,,"162950","60189"
"60193","Antiques","Asian Antiques","China","Statues","Horses",,,"60193","60189"
"60194","Antiques","Asian Antiques","China","Statues","Kwan-yin",,,"60194","60189"
"60195","Antiques","Asian Antiques","China","Statues","Men, Women & Children",,,"60195","60189"
"162951","Antiques","Asian Antiques","China","Statues","Mice",,,"162951","60189"
"162952","Antiques","Asian Antiques","China","Statues","Monkeys",,,"162952","60189"
"162953","Antiques","Asian Antiques","China","Statues","Oxen",,,"162953","60189"
"162954","Antiques","Asian Antiques","China","Statues","Phoenix",,,"162954","60189"
"162955","Antiques","Asian Antiques","China","Statues","Pigs",,,"162955","60189"
"162956","Antiques","Asian Antiques","China","Statues","Rabbits",,,"162956","60189"
"162957","Antiques","Asian Antiques","China","Statues","Rats",,,"162957","60189"
"162958","Antiques","Asian Antiques","China","Statues","Roosters",,,"162958","60189"
"162959","Antiques","Asian Antiques","China","Statues","Sheep",,,"162959","60189"
"162960","Antiques","Asian Antiques","China","Statues","Snakes",,,"162960","60189"
"162961","Antiques","Asian Antiques","China","Statues","Tigers",,,"162961","60189"
"162962","Antiques","Asian Antiques","China","Statues","Turtles",,,"162962","60189"
"37931","Antiques","Asian Antiques","China","Statues","Other",,,"37931","60189"
"162963","Antiques","Asian Antiques","China","Swords",,,,"162963","37919"
"37932","Antiques","Asian Antiques","China","Tables",,,,"37932","37919"
"162964","Antiques","Asian Antiques","China","Tea Caddies",,,,"162964","37919"
"162965","Antiques","Asian Antiques","China","Teapots",,,,"162965","37919"
"37933","Antiques","Asian Antiques","China","Vases",,,,"37933","37919"
"73465","Antiques","Asian Antiques","China","Other",,,,"73465","37919"
"60209","Antiques","Asian Antiques","India",,,,,"60209","20082"
"37934","Antiques","Asian Antiques","Japan",,,,,"37934","20082"
"162969","Antiques","Asian Antiques","Japan","Armor",,,,"162969","37934"
"162970","Antiques","Asian Antiques","Japan","Bells",,,,"162970","37934"
"37935","Antiques","Asian Antiques","Japan","Bowls",,,,"37935","37934"
"37936","Antiques","Asian Antiques","Japan","Boxes",,,,"37936","37934"
"162971","Antiques","Asian Antiques","Japan","Dolls",,,,"162971","37934"
"162972","Antiques","Asian Antiques","Japan","Fans",,,,"162972","37934"
"37937","Antiques","Asian Antiques","Japan","Glasses & Cups",,,,"37937","37934"
"162974","Antiques","Asian Antiques","Japan","Katana",,,,"162974","37934"
"155353","Antiques","Asian Antiques","Japan","Kimonos & Textiles",,,,"155353","37934"
"162975","Antiques","Asian Antiques","Japan","Masks",,,,"162975","37934"
"37938","Antiques","Asian Antiques","Japan","Netsuke",,,,"37938","37934"
"38125","Antiques","Asian Antiques","Japan","Paintings & Scrolls",,,,"38125","37934"
"37939","Antiques","Asian Antiques","Japan","Plates",,,,"37939","37934"
"38126","Antiques","Asian Antiques","Japan","Prints",,,,"38126","37934"
"162973","Antiques","Asian Antiques","Japan","Statues",,,,"162973","37934"
"66841","Antiques","Asian Antiques","Japan","Swords",,,,"66841","37934"
"162976","Antiques","Asian Antiques","Japan","Tea Caddies",,,,"162976","37934"
"162977","Antiques","Asian Antiques","Japan","Teapots",,,,"162977","37934"
"162978","Antiques","Asian Antiques","Japan","Tsuba",,,,"162978","37934"
"37940","Antiques","Asian Antiques","Japan","Vases",,,,"37940","37934"
"73466","Antiques","Asian Antiques","Japan","Other",,,,"73466","37934"
"162979","Antiques","Asian Antiques","Korea",,,,,"162979","20082"
"116556","Antiques","Asian Antiques","Middle East",,,,,"116556","20082"
"162989","Antiques","Asian Antiques","Mongolia",,,,,"162989","20082"
"164808","Antiques","Asian Antiques","Southeast Asia",,,,,"164808","20082"
"162980","Antiques","Asian Antiques","Southeast Asia","Amulets",,,,"162980","164808"
"162981","Antiques","Asian Antiques","Southeast Asia","Bells",,,,"162981","164808"
"162982","Antiques","Asian Antiques","Southeast Asia","Bracelets",,,,"162982","164808"
"162983","Antiques","Asian Antiques","Southeast Asia","Masks",,,,"162983","164808"
"162984","Antiques","Asian Antiques","Southeast Asia","Necklaces & Pendants",,,,"162984","164808"
"162985","Antiques","Asian Antiques","Southeast Asia","Paintings",,,,"162985","164808"
"162986","Antiques","Asian Antiques","Southeast Asia","Statues",,,,"162986","164808"
"20085","Antiques","Asian Antiques","Southeast Asia","Other",,,,"20085","164808"
"79947","Antiques","Asian Antiques","Tibet",,,,,"79947","20082"
"162988","Antiques","Asian Antiques","Unknown",,,,,"162988","20082"
"155354","Antiques","Asian Antiques","Reproductions",,,,,"155354","20082"
"171171","Antiques","Asian Antiques","Price Guides & Publications",,,,,"171171","20082"
"2194","Antiques","Asian Antiques","Other",,,,,"2194","20082"
"2195","Antiques","Books & Manuscripts",,,,,,"2195","20081"
"2196","Antiques","Books & Manuscripts","American",,,,,"2196","2195"
"2198","Antiques","Books & Manuscripts","Asian",,,,,"2198","2195"
"2200","Antiques","Books & Manuscripts","English",,,,,"2200","2195"
"2201","Antiques","Books & Manuscripts","European",,,,,"2201","2195"
"162924","Antiques","Books & Manuscripts","Middle Eastern",,,,,"162924","2195"
"356","Antiques","Books & Manuscripts","Other",,,,,"356","2195"
"20086","Antiques","Decorative Arts",,,,,,"20086","20081"
"63521","Antiques","Decorative Arts","Ceramics & Porcelain",,,,,"63521","20086"
"63522","Antiques","Decorative Arts","Ceramics & Porcelain","Bowls",,,,"63522","63521"
"63523","Antiques","Decorative Arts","Ceramics & Porcelain","Boxes",,,,"63523","63521"
"162999","Antiques","Decorative Arts","Ceramics & Porcelain","Butter Pats",,,,"162999","63521"
"163000","Antiques","Decorative Arts","Ceramics & Porcelain","Candle Holders",,,,"163000","63521"
"163001","Antiques","Decorative Arts","Ceramics & Porcelain","Candlesticks",,,,"163001","63521"
"163002","Antiques","Decorative Arts","Ceramics & Porcelain","Chamber Pots",,,,"163002","63521"
"63524","Antiques","Decorative Arts","Ceramics & Porcelain","Creamers & Sugar Bowls",,,,"63524","63521"
"163003","Antiques","Decorative Arts","Ceramics & Porcelain","Crocks",,,,"163003","63521"
"63525","Antiques","Decorative Arts","Ceramics & Porcelain","Cups & Saucers",,,,"63525","63521"
"63526","Antiques","Decorative Arts","Ceramics & Porcelain","Figurines",,,,"63526","63521"
"63527","Antiques","Decorative Arts","Ceramics & Porcelain","Jars",,,,"63527","63521"
"163004","Antiques","Decorative Arts","Ceramics & Porcelain","Jugs",,,,"163004","63521"
"63529","Antiques","Decorative Arts","Ceramics & Porcelain","Mugs & Tankards",,,,"63529","63521"
"63528","Antiques","Decorative Arts","Ceramics & Porcelain","Pitchers",,,,"63528","63521"
"163006","Antiques","Decorative Arts","Ceramics & Porcelain","Planters",,,,"163006","63521"
"63531","Antiques","Decorative Arts","Ceramics & Porcelain","Plates & Chargers",,,,"63531","63521"
"63532","Antiques","Decorative Arts","Ceramics & Porcelain","Platters & Trays",,,,"63532","63521"
"63533","Antiques","Decorative Arts","Ceramics & Porcelain","Salt & Pepper Shakers",,,,"63533","63521"
"63534","Antiques","Decorative Arts","Ceramics & Porcelain","Teapots & Tea Sets",,,,"63534","63521"
"63535","Antiques","Decorative Arts","Ceramics & Porcelain","Tiles",,,,"63535","63521"
"63536","Antiques","Decorative Arts","Ceramics & Porcelain","Tureens",,,,"63536","63521"
"163005","Antiques","Decorative Arts","Ceramics & Porcelain","Urns",,,,"163005","63521"
"63530","Antiques","Decorative Arts","Ceramics & Porcelain","Vases",,,,"63530","63521"
"2203","Antiques","Decorative Arts","Ceramics & Porcelain","Other",,,,"2203","63521"
"63537","Antiques","Decorative Arts","Clocks",,,,,"63537","20086"
"63538","Antiques","Decorative Arts","Glass",,,,,"63538","20086"
"162990","Antiques","Decorative Arts","Glass","Bottles",,,,"162990","63538"
"63539","Antiques","Decorative Arts","Glass","Bowls",,,,"63539","63538"
"162991","Antiques","Decorative Arts","Glass","Candle Holders",,,,"162991","63538"
"162992","Antiques","Decorative Arts","Glass","Candlesticks",,,,"162992","63538"
"162993","Antiques","Decorative Arts","Glass","Compotes",,,,"162993","63538"
"63541","Antiques","Decorative Arts","Glass","Decanters",,,,"63541","63538"
"162995","Antiques","Decorative Arts","Glass","Dishes",,,,"162995","63538"
"162996","Antiques","Decorative Arts","Glass","Figurines",,,,"162996","63538"
"63540","Antiques","Decorative Arts","Glass","Jars",,,,"63540","63538"
"162994","Antiques","Decorative Arts","Glass","Jugs",,,,"162994","63538"
"63542","Antiques","Decorative Arts","Glass","Perfume Bottles",,,,"63542","63538"
"63543","Antiques","Decorative Arts","Glass","Pitchers",,,,"63543","63538"
"63544","Antiques","Decorative Arts","Glass","Plates",,,,"63544","63538"
"162997","Antiques","Decorative Arts","Glass","Salt & Pepper Shakers",,,,"162997","63538"
"63545","Antiques","Decorative Arts","Glass","Stemware",,,,"63545","63538"
"63546","Antiques","Decorative Arts","Glass","Vases",,,,"63546","63538"
"2205","Antiques","Decorative Arts","Glass","Other",,,,"2205","63538"
"63547","Antiques","Decorative Arts","Lamps",,,,,"63547","20086"
"1211","Antiques","Decorative Arts","Metalware",,,,,"1211","20086"
"20089","Antiques","Decorative Arts","Mirrors",,,,,"20089","20086"
"40024","Antiques","Decorative Arts","Picture Frames",,,,,"40024","20086"
"1218","Antiques","Decorative Arts","Toleware",,,,,"1218","20086"
"37941","Antiques","Decorative Arts","Woodenware",,,,,"37941","20086"
"37942","Antiques","Decorative Arts","Woodenware","Bowls",,,,"37942","37941"
"37943","Antiques","Decorative Arts","Woodenware","Boxes",,,,"37943","37941"
"162998","Antiques","Decorative Arts","Woodenware","Carved Figures",,,,"162998","37941"
"37944","Antiques","Decorative Arts","Woodenware","Trays",,,,"37944","37941"
"1219","Antiques","Decorative Arts","Woodenware","Other",,,,"1219","37941"
"171172","Antiques","Decorative Arts","Price Guides & Publications",,,,,"171172","20086"
"73467","Antiques","Decorative Arts","Other",,,,,"73467","20086"
"2207","Antiques","Ethnographic",,,,,,"2207","20081"
"37945","Antiques","Ethnographic","African",,,,,"37945","2207"
"163007","Antiques","Ethnographic","African","Jewelry",,,,"163007","37945"
"37946","Antiques","Ethnographic","African","Masks",,,,"37946","37945"
"37947","Antiques","Ethnographic","African","Sculptures & Statues",,,,"37947","37945"
"4171","Antiques","Ethnographic","African","Other",,,,"4171","37945"
"4170","Antiques","Ethnographic","Latin American",,,,,"4170","2207"
"4173","Antiques","Ethnographic","Native American",,,,,"4173","2207"
"4172","Antiques","Ethnographic","Pacific Islands & Oceania",,,,,"4172","2207"
"171173","Antiques","Ethnographic","Price Guides & Publications",,,,,"171173","2207"
"2204","Antiques","Ethnographic","Other",,,,,"2204","2207"
"20091","Antiques","Furniture",,,,,,"20091","20081"
"98436","Antiques","Furniture","Armoires & Wardrobes",,,,,"98436","20091"
"98437","Antiques","Furniture","Armoires & Wardrobes","Pre-1800",,,,"98437","98436"
"60275","Antiques","Furniture","Armoires & Wardrobes","1800-1899",,,,"60275","98436"
"66858","Antiques","Furniture","Armoires & Wardrobes","1900-1950",,,,"66858","98436"
"162894","Antiques","Furniture","Armoires & Wardrobes","Post-1950",,,,"162894","98436"
"162895","Antiques","Furniture","Armoires & Wardrobes","Unknown",,,,"162895","98436"
"63549","Antiques","Furniture","Beds & Bedroom Sets",,,,,"63549","20091"
"63552","Antiques","Furniture","Beds & Bedroom Sets","Pre-1800",,,,"63552","63549"
"63550","Antiques","Furniture","Beds & Bedroom Sets","1800-1899",,,,"63550","63549"
"63551","Antiques","Furniture","Beds & Bedroom Sets","1900-1950",,,,"63551","63549"
"156308","Antiques","Furniture","Beds & Bedroom Sets","Post-1950",,,,"156308","63549"
"162887","Antiques","Furniture","Beds & Bedroom Sets","Unknown",,,,"162887","63549"
"63553","Antiques","Furniture","Benches & Stools",,,,,"63553","20091"
"63554","Antiques","Furniture","Benches & Stools","Pre-1800",,,,"63554","63553"
"63555","Antiques","Furniture","Benches & Stools","1800-1899",,,,"63555","63553"
"63556","Antiques","Furniture","Benches & Stools","1900-1950",,,,"63556","63553"
"156953","Antiques","Furniture","Benches & Stools","Post-1950",,,,"156953","63553"
"162888","Antiques","Furniture","Benches & Stools","Unknown",,,,"162888","63553"
"63557","Antiques","Furniture","Bookcases",,,,,"63557","20091"
"63558","Antiques","Furniture","Bookcases","Pre-1800",,,,"63558","63557"
"63559","Antiques","Furniture","Bookcases","1800-1899",,,,"63559","63557"
"63560","Antiques","Furniture","Bookcases","1900-1950",,,,"63560","63557"
"156309","Antiques","Furniture","Bookcases","Post-1950",,,,"156309","63557"
"162889","Antiques","Furniture","Bookcases","Unknown",,,,"162889","63557"
"63561","Antiques","Furniture","Cabinets & Cupboards",,,,,"63561","20091"
"63562","Antiques","Furniture","Cabinets & Cupboards","Pre-1800",,,,"63562","63561"
"63563","Antiques","Furniture","Cabinets & Cupboards","1800-1899",,,,"63563","63561"
"63564","Antiques","Furniture","Cabinets & Cupboards","1900-1950",,,,"63564","63561"
"156310","Antiques","Furniture","Cabinets & Cupboards","Post-1950",,,,"156310","63561"
"162892","Antiques","Furniture","Cabinets & Cupboards","Unknown",,,,"162892","63561"
"63565","Antiques","Furniture","Chairs",,,,,"63565","20091"
"63566","Antiques","Furniture","Chairs","Pre-1800",,,,"63566","63565"
"63567","Antiques","Furniture","Chairs","1800-1899",,,,"63567","63565"
"63568","Antiques","Furniture","Chairs","1900-1950",,,,"63568","63565"
"156311","Antiques","Furniture","Chairs","Post-1950",,,,"156311","63565"
"162893","Antiques","Furniture","Chairs","Unknown",,,,"162893","63565"
"98430","Antiques","Furniture","Chests & Trunks",,,,,"98430","20091"
"98431","Antiques","Furniture","Chests & Trunks","Pre-1800",,,,"98431","98430"
"66842","Antiques","Furniture","Chests & Trunks","1800-1899",,,,"66842","98430"
"66854","Antiques","Furniture","Chests & Trunks","1900-1950",,,,"66854","98430"
"162890","Antiques","Furniture","Chests & Trunks","Post-1950",,,,"162890","98430"
"162891","Antiques","Furniture","Chests & Trunks","Unknown",,,,"162891","98430"
"63569","Antiques","Furniture","Desks & Secretaries",,,,,"63569","20091"
"63570","Antiques","Furniture","Desks & Secretaries","Pre-1800",,,,"63570","63569"
"63571","Antiques","Furniture","Desks & Secretaries","1800-1899",,,,"63571","63569"
"63572","Antiques","Furniture","Desks & Secretaries","1900-1950",,,,"63572","63569"
"156312","Antiques","Furniture","Desks & Secretaries","Post-1950",,,,"156312","63569"
"162896","Antiques","Furniture","Desks & Secretaries","Unknown",,,,"162896","63569"
"63573","Antiques","Furniture","Dining Sets",,,,,"63573","20091"
"63574","Antiques","Furniture","Dining Sets","Pre-1800",,,,"63574","63573"
"63575","Antiques","Furniture","Dining Sets","1800-1899",,,,"63575","63573"
"63576","Antiques","Furniture","Dining Sets","1900-1950",,,,"63576","63573"
"156313","Antiques","Furniture","Dining Sets","Post-1950",,,,"156313","63573"
"162897","Antiques","Furniture","Dining Sets","Unknown",,,,"162897","63573"
"63577","Antiques","Furniture","Dressers & Vanities",,,,,"63577","20091"
"63578","Antiques","Furniture","Dressers & Vanities","Pre-1800",,,,"63578","63577"
"63579","Antiques","Furniture","Dressers & Vanities","1800-1899",,,,"63579","63577"
"63580","Antiques","Furniture","Dressers & Vanities","1900-1950",,,,"63580","63577"
"156314","Antiques","Furniture","Dressers & Vanities","Post-1950",,,,"156314","63577"
"162898","Antiques","Furniture","Dressers & Vanities","Unknown",,,,"162898","63577"
"162899","Antiques","Furniture","Hall Trees & Stands",,,,,"162899","20091"
"162900","Antiques","Furniture","Hall Trees & Stands","Pre-1800",,,,"162900","162899"
"162901","Antiques","Furniture","Hall Trees & Stands","1800-1899",,,,"162901","162899"
"162902","Antiques","Furniture","Hall Trees & Stands","1900-1950",,,,"162902","162899"
"162903","Antiques","Furniture","Hall Trees & Stands","Post-1950",,,,"162903","162899"
"162904","Antiques","Furniture","Hall Trees & Stands","Unknown",,,,"162904","162899"
"162905","Antiques","Furniture","Nightstands",,,,,"162905","20091"
"162906","Antiques","Furniture","Nightstands","Pre-1800",,,,"162906","162905"
"162907","Antiques","Furniture","Nightstands","1800-1899",,,,"162907","162905"
"162908","Antiques","Furniture","Nightstands","1900-1950",,,,"162908","162905"
"162909","Antiques","Furniture","Nightstands","Post-1950",,,,"162909","162905"
"162910","Antiques","Furniture","Nightstands","Unknown",,,,"162910","162905"
"98444","Antiques","Furniture","Sideboards & Buffets",,,,,"98444","20091"
"98445","Antiques","Furniture","Sideboards & Buffets","Pre-1800",,,,"98445","98444"
"66848","Antiques","Furniture","Sideboards & Buffets","1800-1899",,,,"66848","98444"
"66862","Antiques","Furniture","Sideboards & Buffets","1900-1950",,,,"66862","98444"
"162914","Antiques","Furniture","Sideboards & Buffets","Post-1950",,,,"162914","98444"
"162915","Antiques","Furniture","Sideboards & Buffets","Unknown",,,,"162915","98444"
"63581","Antiques","Furniture","Sofas & Chaises",,,,,"63581","20091"
"63582","Antiques","Furniture","Sofas & Chaises","Pre-1800",,,,"63582","63581"
"63583","Antiques","Furniture","Sofas & Chaises","1800-1899",,,,"63583","63581"
"63584","Antiques","Furniture","Sofas & Chaises","1900-1950",,,,"63584","63581"
"156315","Antiques","Furniture","Sofas & Chaises","Post-1950",,,,"156315","63581"
"162911","Antiques","Furniture","Sofas & Chaises","Unknown",,,,"162911","63581"
"63585","Antiques","Furniture","Tables",,,,,"63585","20091"
"63586","Antiques","Furniture","Tables","Pre-1800",,,,"63586","63585"
"63587","Antiques","Furniture","Tables","1800-1899",,,,"63587","63585"
"63588","Antiques","Furniture","Tables","1900-1950",,,,"63588","63585"
"156316","Antiques","Furniture","Tables","Post-1950",,,,"156316","63585"
"162912","Antiques","Furniture","Tables","Unknown",,,,"162912","63585"
"162913","Antiques","Furniture","Parts & Salvaged Pieces",,,,,"162913","20091"
"171166","Antiques","Furniture","Price Guides & Publications",,,,,"171166","20091"
"63589","Antiques","Furniture","Other",,,,,"63589","20091"
"163008","Antiques","Home & Hearth",,,,,,"163008","20081"
"163009","Antiques","Home & Hearth","Baby Carriages & Buggies",,,,,"163009","163008"
"163010","Antiques","Home & Hearth","Baby Cradles",,,,,"163010","163008"
"163011","Antiques","Home & Hearth","Bath Tubs",,,,,"163011","163008"
"163012","Antiques","Home & Hearth","Clothing Wringers",,,,,"163012","163008"
"163013","Antiques","Home & Hearth","Hearth Ware",,,,,"163013","163008"
"163014","Antiques","Home & Hearth","Ice Boxes",,,,,"163014","163008"
"163015","Antiques","Home & Hearth","Meat Grinders",,,,,"163015","163008"
"163016","Antiques","Home & Hearth","Sinks",,,,,"163016","163008"
"163017","Antiques","Home & Hearth","Stoves",,,,,"163017","163008"
"163018","Antiques","Home & Hearth","Toasters",,,,,"163018","163008"
"151724","Antiques","Home & Hearth","Trivets",,,,,"151724","163008"
"163057","Antiques","Home & Hearth","Washing Machines",,,,,"163057","163008"
"163058","Antiques","Home & Hearth","Other",,,,,"163058","163008"
"2218","Antiques","Linens & Textiles (Pre-1930)",,,,,,"2218","20081"
"166291","Antiques","Linens & Textiles (Pre-1930)","Bed & Bath Linens",,,,,"166291","2218"
"166292","Antiques","Linens & Textiles (Pre-1930)","Bed & Bath Linens","Bedspreads & Coverlets",,,,"166292","166291"
"166293","Antiques","Linens & Textiles (Pre-1930)","Bed & Bath Linens","Blankets",,,,"166293","166291"
"166294","Antiques","Linens & Textiles (Pre-1930)","Bed & Bath Linens","Pillowcases",,,,"166294","166291"
"166295","Antiques","Linens & Textiles (Pre-1930)","Bed & Bath Linens","Sheets",,,,"166295","166291"
"166296","Antiques","Linens & Textiles (Pre-1930)","Bed & Bath Linens","Towels",,,,"166296","166291"
"166297","Antiques","Linens & Textiles (Pre-1930)","Bed & Bath Linens","Other",,,,"166297","166291"
"20117","Antiques","Linens & Textiles (Pre-1930)","Embroidery",,,,,"20117","2218"
"38000","Antiques","Linens & Textiles (Pre-1930)","Fabric",,,,,"38000","2218"
"66639","Antiques","Linens & Textiles (Pre-1930)","Fabric","Chenille",,,,"66639","38000"
"38001","Antiques","Linens & Textiles (Pre-1930)","Fabric","Cotton",,,,"38001","38000"
"66640","Antiques","Linens & Textiles (Pre-1930)","Fabric","Damask",,,,"66640","38000"
"66641","Antiques","Linens & Textiles (Pre-1930)","Fabric","Linen",,,,"66641","38000"
"38002","Antiques","Linens & Textiles (Pre-1930)","Fabric","Silk",,,,"38002","38000"
"66642","Antiques","Linens & Textiles (Pre-1930)","Fabric","Velvet",,,,"66642","38000"
"38003","Antiques","Linens & Textiles (Pre-1930)","Fabric","Wool",,,,"38003","38000"
"73469","Antiques","Linens & Textiles (Pre-1930)","Fabric","Other",,,,"73469","38000"
"163107","Antiques","Linens & Textiles (Pre-1930)","Feed & Flour Sacks",,,,,"163107","2218"
"163108","Antiques","Linens & Textiles (Pre-1930)","Handkerchiefs",,,,,"163108","2218"
"39449","Antiques","Linens & Textiles (Pre-1930)","Kitchen & Table Linens",,,,,"39449","2218"
"39450","Antiques","Linens & Textiles (Pre-1930)","Kitchen & Table Linens","Napkins",,,,"39450","39449"
"163110","Antiques","Linens & Textiles (Pre-1930)","Kitchen & Table Linens","Placemats",,,,"163110","39449"
"39451","Antiques","Linens & Textiles (Pre-1930)","Kitchen & Table Linens","Runners",,,,"39451","39449"
"39453","Antiques","Linens & Textiles (Pre-1930)","Kitchen & Table Linens","Tablecloths",,,,"39453","39449"
"39454","Antiques","Linens & Textiles (Pre-1930)","Kitchen & Table Linens","Towels",,,,"39454","39449"
"2220","Antiques","Linens & Textiles (Pre-1930)","Kitchen & Table Linens","Other",,,,"2220","39449"
"39444","Antiques","Linens & Textiles (Pre-1930)","Lace, Crochet & Doilies",,,,,"39444","2218"
"163109","Antiques","Linens & Textiles (Pre-1930)","Lace, Crochet & Doilies","Collars & Cuffs",,,,"163109","39444"
"39445","Antiques","Linens & Textiles (Pre-1930)","Lace, Crochet & Doilies","Doilies",,,,"39445","39444"
"39446","Antiques","Linens & Textiles (Pre-1930)","Lace, Crochet & Doilies","Runners",,,,"39446","39444"
"39447","Antiques","Linens & Textiles (Pre-1930)","Lace, Crochet & Doilies","Tablecloths",,,,"39447","39444"
"39448","Antiques","Linens & Textiles (Pre-1930)","Lace, Crochet & Doilies","Trim & Edging",,,,"39448","39444"
"2219","Antiques","Linens & Textiles (Pre-1930)","Lace, Crochet & Doilies","Other",,,,"2219","39444"
"63624","Antiques","Linens & Textiles (Pre-1930)","Pillows",,,,,"63624","2218"
"63627","Antiques","Linens & Textiles (Pre-1930)","Quilts",,,,,"63627","2218"
"2221","Antiques","Linens & Textiles (Pre-1930)","Quilts","Completed Quilts",,,,"2221","63627"
"63634","Antiques","Linens & Textiles (Pre-1930)","Quilts","Quilt Blocks",,,,"63634","63627"
"170064","Antiques","Linens & Textiles (Pre-1930)","Quilts","Quilt Tops",,,,"170064","63627"
"2223","Antiques","Linens & Textiles (Pre-1930)","Samplers",,,,,"2223","2218"
"2224","Antiques","Linens & Textiles (Pre-1930)","Tapestries",,,,,"2224","2218"
"171178","Antiques","Linens & Textiles (Pre-1930)","Price Guides & Publications",,,,,"171178","2218"
"362","Antiques","Linens & Textiles (Pre-1930)","Other",,,,,"362","2218"
"37958","Antiques","Maps, Atlases & Globes",,,,,,"37958","20081"
"63602","Antiques","Maps, Atlases & Globes","United States (Pre-1900)",,,,,"63602","37958"
"63603","Antiques","Maps, Atlases & Globes","United States (Pre-1900)","AK, HI",,,,"63603","63602"
"63604","Antiques","Maps, Atlases & Globes","United States (Pre-1900)","AL, FL, GA, MS, NC, SC",,,,"63604","63602"
"63605","Antiques","Maps, Atlases & Globes","United States (Pre-1900)","AR, IA, KS, LA, MO, NE",,,,"63605","63602"
"63606","Antiques","Maps, Atlases & Globes","United States (Pre-1900)","AZ, CA, CO, NM, NV, UT",,,,"63606","63602"
"63607","Antiques","Maps, Atlases & Globes","United States (Pre-1900)","CT, MA, ME, NH, RI, VT",,,,"63607","63602"
"63608","Antiques","Maps, Atlases & Globes","United States (Pre-1900)","DC, DE, MD, NJ, NY, PA",,,,"63608","63602"
"63609","Antiques","Maps, Atlases & Globes","United States (Pre-1900)","ID, OR, WA",,,,"63609","63602"
"63610","Antiques","Maps, Atlases & Globes","United States (Pre-1900)","IL, IN, MI, OH, WI",,,,"63610","63602"
"63611","Antiques","Maps, Atlases & Globes","United States (Pre-1900)","MN, MT, ND, SD, WY",,,,"63611","63602"
"63612","Antiques","Maps, Atlases & Globes","United States (Pre-1900)","OK, TX",,,,"63612","63602"
"63613","Antiques","Maps, Atlases & Globes","United States (Pre-1900)","VA, WV, KY, TN",,,,"63613","63602"
"163077","Antiques","Maps, Atlases & Globes","United States (Pre-1900)","Entire US",,,,"163077","63602"
"163059","Antiques","Maps, Atlases & Globes","United States (1900-Now)",,,,,"163059","37958"
"163060","Antiques","Maps, Atlases & Globes","United States (1900-Now)","AK, HI",,,,"163060","163059"
"163061","Antiques","Maps, Atlases & Globes","United States (1900-Now)","AL, FL, GA, MS, NC, SC",,,,"163061","163059"
"163062","Antiques","Maps, Atlases & Globes","United States (1900-Now)","AR, IA, KS, LA, MO, NE",,,,"163062","163059"
"163063","Antiques","Maps, Atlases & Globes","United States (1900-Now)","AZ, CA, CO, NM, NV, UT",,,,"163063","163059"
"163064","Antiques","Maps, Atlases & Globes","United States (1900-Now)","CT, MA, ME, NH, RI, VT",,,,"163064","163059"
"163065","Antiques","Maps, Atlases & Globes","United States (1900-Now)","DC, DE, MD, NJ, NY, PA",,,,"163065","163059"
"163066","Antiques","Maps, Atlases & Globes","United States (1900-Now)","ID, OR, WA",,,,"163066","163059"
"163067","Antiques","Maps, Atlases & Globes","United States (1900-Now)","IL, IN, MI, OH, WI",,,,"163067","163059"
"163068","Antiques","Maps, Atlases & Globes","United States (1900-Now)","MN, MT, ND, SD, WY",,,,"163068","163059"
"163069","Antiques","Maps, Atlases & Globes","United States (1900-Now)","OK, TX",,,,"163069","163059"
"163070","Antiques","Maps, Atlases & Globes","United States (1900-Now)","VA, WV, KY, TN",,,,"163070","163059"
"164809","Antiques","Maps, Atlases & Globes","United States (1900-Now)","Entire US",,,,"164809","163059"
"163071","Antiques","Maps, Atlases & Globes","United States (Date Unknown)",,,,,"163071","37958"
"98448","Antiques","Maps, Atlases & Globes","Africa",,,,,"98448","37958"
"37959","Antiques","Maps, Atlases & Globes","Africa","Pre-1900",,,,"37959","98448"
"93119","Antiques","Maps, Atlases & Globes","Africa","1900-Now",,,,"93119","98448"
"163118","Antiques","Maps, Atlases & Globes","Africa","Unknown",,,,"163118","98448"
"98450","Antiques","Maps, Atlases & Globes","Asia",,,,,"98450","37958"
"37960","Antiques","Maps, Atlases & Globes","Asia","Pre-1900",,,,"37960","98450"
"93120","Antiques","Maps, Atlases & Globes","Asia","1900-Now",,,,"93120","98450"
"163119","Antiques","Maps, Atlases & Globes","Asia","Unknown",,,,"163119","98450"
"98462","Antiques","Maps, Atlases & Globes","Australasia/ Oceania",,,,,"98462","37958"
"37961","Antiques","Maps, Atlases & Globes","Australasia/ Oceania","Pre-1900",,,,"37961","98462"
"93126","Antiques","Maps, Atlases & Globes","Australasia/ Oceania","1900-Now",,,,"93126","98462"
"163124","Antiques","Maps, Atlases & Globes","Australasia/ Oceania","Unknown",,,,"163124","98462"
"163072","Antiques","Maps, Atlases & Globes","Canada",,,,,"163072","37958"
"63600","Antiques","Maps, Atlases & Globes","Canada","Pre-1900",,,,"63600","163072"
"163073","Antiques","Maps, Atlases & Globes","Canada","1900-Now",,,,"163073","163072"
"163074","Antiques","Maps, Atlases & Globes","Canada","Unknown",,,,"163074","163072"
"98452","Antiques","Maps, Atlases & Globes","Central America/ Caribbean",,,,,"98452","37958"
"63596","Antiques","Maps, Atlases & Globes","Central America/ Caribbean","Pre-1900",,,,"63596","98452"
"93123","Antiques","Maps, Atlases & Globes","Central America/ Caribbean","1900-Now",,,,"93123","98452"
"163120","Antiques","Maps, Atlases & Globes","Central America/ Caribbean","Unknown",,,,"163120","98452"
"98454","Antiques","Maps, Atlases & Globes","Europe",,,,,"98454","37958"
"38325","Antiques","Maps, Atlases & Globes","Europe","Pre-1900",,,,"38325","98454"
"93121","Antiques","Maps, Atlases & Globes","Europe","1900-Now",,,,"93121","98454"
"163121","Antiques","Maps, Atlases & Globes","Europe","Unknown",,,,"163121","98454"
"98456","Antiques","Maps, Atlases & Globes","India",,,,,"98456","37958"
"63597","Antiques","Maps, Atlases & Globes","India","Pre-1900",,,,"63597","98456"
"93122","Antiques","Maps, Atlases & Globes","India","1900-Now",,,,"93122","98456"
"163122","Antiques","Maps, Atlases & Globes","India","Unknown",,,,"163122","98456"
"105883","Antiques","Maps, Atlases & Globes","Ireland",,,,,"105883","37958"
"105884","Antiques","Maps, Atlases & Globes","Ireland","Pre-1900",,,,"105884","105883"
"105885","Antiques","Maps, Atlases & Globes","Ireland","1900-Now",,,,"105885","105883"
"163078","Antiques","Maps, Atlases & Globes","Ireland","Unknown",,,,"163078","105883"
"163079","Antiques","Maps, Atlases & Globes","Mexico",,,,,"163079","37958"
"63601","Antiques","Maps, Atlases & Globes","Mexico","Pre-1900",,,,"63601","163079"
"163080","Antiques","Maps, Atlases & Globes","Mexico","1900-Now",,,,"163080","163079"
"163081","Antiques","Maps, Atlases & Globes","Mexico","Unknown",,,,"163081","163079"
"98458","Antiques","Maps, Atlases & Globes","Middle East",,,,,"98458","37958"
"63598","Antiques","Maps, Atlases & Globes","Middle East","Pre-1900",,,,"63598","98458"
"93124","Antiques","Maps, Atlases & Globes","Middle East","1900-Now",,,,"93124","98458"
"163123","Antiques","Maps, Atlases & Globes","Middle East","Unknown",,,,"163123","98458"
"179654","Antiques","Maps, Atlases & Globes","North America",,,,,"179654","37958"
"163075","Antiques","Maps, Atlases & Globes","North America","Pre-1900",,,,"163075","179654"
"93125","Antiques","Maps, Atlases & Globes","North America","1900-Now",,,,"93125","179654"
"163076","Antiques","Maps, Atlases & Globes","North America","Unknown",,,,"163076","179654"
"98464","Antiques","Maps, Atlases & Globes","South America",,,,,"98464","37958"
"37963","Antiques","Maps, Atlases & Globes","South America","Pre-1900",,,,"37963","98464"
"96767","Antiques","Maps, Atlases & Globes","South America","1900-Now",,,,"96767","98464"
"163125","Antiques","Maps, Atlases & Globes","South America","Unknown",,,,"163125","98464"
"98446","Antiques","Maps, Atlases & Globes","United Kingdom",,,,,"98446","37958"
"121491","Antiques","Maps, Atlases & Globes","United Kingdom","England",,,,"121491","98446"
"63614","Antiques","Maps, Atlases & Globes","United Kingdom","England","Pre-1900",,,"63614","121491"
"93118","Antiques","Maps, Atlases & Globes","United Kingdom","England","1900-Now",,,"93118","121491"
"163115","Antiques","Maps, Atlases & Globes","United Kingdom","England","Unknown",,,"163115","121491"
"121492","Antiques","Maps, Atlases & Globes","United Kingdom","Scotland",,,,"121492","98446"
"121493","Antiques","Maps, Atlases & Globes","United Kingdom","Scotland","Pre-1900",,,"121493","121492"
"121494","Antiques","Maps, Atlases & Globes","United Kingdom","Scotland","1900-Now",,,"121494","121492"
"163116","Antiques","Maps, Atlases & Globes","United Kingdom","Scotland","Unknown",,,"163116","121492"
"121495","Antiques","Maps, Atlases & Globes","United Kingdom","Wales",,,,"121495","98446"
"121496","Antiques","Maps, Atlases & Globes","United Kingdom","Wales","Pre-1900",,,"121496","121495"
"121497","Antiques","Maps, Atlases & Globes","United Kingdom","Wales","1900-Now",,,"121497","121495"
"163117","Antiques","Maps, Atlases & Globes","United Kingdom","Wales","Unknown",,,"163117","121495"
"121498","Antiques","Maps, Atlases & Globes","United Kingdom","Other",,,,"121498","98446"
"63595","Antiques","Maps, Atlases & Globes","Maps on CD",,,,,"63595","37958"
"98466","Antiques","Maps, Atlases & Globes","World Maps",,,,,"98466","37958"
"2206","Antiques","Maps, Atlases & Globes","World Maps","Pre-1900",,,,"2206","98466"
"93127","Antiques","Maps, Atlases & Globes","World Maps","1900-Now",,,,"93127","98466"
"163126","Antiques","Maps, Atlases & Globes","World Maps","Unknown",,,,"163126","98466"
"98468","Antiques","Maps, Atlases & Globes","Globes",,,,,"98468","37958"
"63593","Antiques","Maps, Atlases & Globes","Globes","Pre-1900",,,,"63593","98468"
"93128","Antiques","Maps, Atlases & Globes","Globes","1900-Now",,,,"93128","98468"
"163127","Antiques","Maps, Atlases & Globes","Globes","Unknown",,,,"163127","98468"
"37964","Antiques","Maps, Atlases & Globes","Mixed Lots",,,,,"37964","37958"
"151725","Antiques","Maps, Atlases & Globes","Reproductions",,,,,"151725","37958"
"171174","Antiques","Maps, Atlases & Globes","Price Guides & Publications",,,,,"171174","37958"
"38326","Antiques","Maps, Atlases & Globes","Other",,,,,"38326","37958"
"37965","Antiques","Maritime",,,,,,"37965","20081"
"63615","Antiques","Maritime","Anchors",,,,,"63615","37965"
"63616","Antiques","Maritime","Bells & Whistles",,,,,"63616","37965"
"163082","Antiques","Maritime","Blueprints",,,,,"163082","37965"
"163083","Antiques","Maritime","Charts",,,,,"163083","37965"
"163084","Antiques","Maritime","Cleats & Chocks",,,,,"163084","37965"
"37966","Antiques","Maritime","Clocks",,,,,"37966","37965"
"37967","Antiques","Maritime","Compasses",,,,,"37967","37965"
"63617","Antiques","Maritime","Diving Helmets",,,,,"63617","37965"
"37968","Antiques","Maritime","Fishing Nets & Floats",,,,,"37968","37965"
"156318","Antiques","Maritime","Folk Art",,,,,"156318","37965"
"163090","Antiques","Maritime","Harpoons",,,,,"163090","37965"
"37969","Antiques","Maritime","Lamps & Lighting",,,,,"37969","37965"
"37970","Antiques","Maritime","Model Ships",,,,,"37970","37965"
"163085","Antiques","Maritime","Parallel Rules",,,,,"163085","37965"
"163086","Antiques","Maritime","Plaques & Signs",,,,,"163086","37965"
"63618","Antiques","Maritime","Portholes",,,,,"63618","37965"
"163087","Antiques","Maritime","Propellers",,,,,"163087","37965"
"163088","Antiques","Maritime","Pulleys",,,,,"163088","37965"
"63619","Antiques","Maritime","Scrimshaws",,,,,"63619","37965"
"37971","Antiques","Maritime","Sextants",,,,,"37971","37965"
"163089","Antiques","Maritime","Telegraphs",,,,,"163089","37965"
"37972","Antiques","Maritime","Telescopes",,,,,"37972","37965"
"37973","Antiques","Maritime","Wheels",,,,,"37973","37965"
"156319","Antiques","Maritime","Reproductions",,,,,"156319","37965"
"171175","Antiques","Maritime","Price Guides & Publications",,,,,"171175","37965"
"66638","Antiques","Maritime","Other",,,,,"66638","37965"
"163091","Antiques","Mercantile, Trades & Factories",,,,,,"163091","20081"
"163092","Antiques","Mercantile, Trades & Factories","Barber Chairs",,,,,"163092","163091"
"163093","Antiques","Mercantile, Trades & Factories","Binding, Embossing & Printing",,,,,"163093","163091"
"163094","Antiques","Mercantile, Trades & Factories","Cash Register, Adding Machines",,,,,"163094","163091"
"163095","Antiques","Mercantile, Trades & Factories","Display Cases",,,,,"163095","163091"
"163096","Antiques","Mercantile, Trades & Factories","Industrial Molds",,,,,"163096","163091"
"163097","Antiques","Mercantile, Trades & Factories","Safes & Still Banks",,,,,"163097","163091"
"163098","Antiques","Mercantile, Trades & Factories","Scales",,,,,"163098","163091"
"163099","Antiques","Mercantile, Trades & Factories","Typewriters",,,,,"163099","163091"
"163100","Antiques","Mercantile, Trades & Factories","Other",,,,,"163100","163091"
"37974","Antiques","Musical Instruments (Pre-1930)",,,,,,"37974","20081"
"156320","Antiques","Musical Instruments (Pre-1930)","Brass",,,,,"156320","37974"
"37975","Antiques","Musical Instruments (Pre-1930)","Keyboard",,,,,"37975","37974"
"37976","Antiques","Musical Instruments (Pre-1930)","Percussion",,,,,"37976","37974"
"359","Antiques","Musical Instruments (Pre-1930)","String",,,,,"359","37974"
"37977","Antiques","Musical Instruments (Pre-1930)","Wind",,,,,"37977","37974"
"156321","Antiques","Musical Instruments (Pre-1930)","Reproductions",,,,,"156321","37974"
"171176","Antiques","Musical Instruments (Pre-1930)","Price Guides & Publications",,,,,"171176","37974"
"156322","Antiques","Musical Instruments (Pre-1930)","Other",,,,,"156322","37974"
"100927","Antiques","Periods & Styles",,,,,,"100927","20081"
"100928","Antiques","Periods & Styles","Aesthetic Movement",,,,,"100928","100927"
"69471","Antiques","Periods & Styles","Art Deco",,,,,"69471","100927"
"69472","Antiques","Periods & Styles","Art Nouveau",,,,,"69472","100927"
"96768","Antiques","Periods & Styles","Arts & Crafts Movement",,,,,"96768","100927"
"69473","Antiques","Periods & Styles","Mid-Century Modernism",,,,,"69473","100927"
"151738","Antiques","Periods & Styles","Victorian",,,,,"151738","100927"
"171179","Antiques","Periods & Styles","Price Guides & Publications",,,,,"171179","100927"
"163128","Antiques","Periods & Styles","Other",,,,,"163128","100927"
"1217","Antiques","Primitives",,,,,,"1217","20081"
"163101","Antiques","Restoration & Care",,,,,,"163101","20081"
"163102","Antiques","Restoration & Care","Cleaners & Polish",,,,,"163102","163101"
"163103","Antiques","Restoration & Care","Software",,,,,"163103","163101"
"163104","Antiques","Restoration & Care","Storage & Display",,,,,"163104","163101"
"163105","Antiques","Restoration & Care","Other",,,,,"163105","163101"
"37978","Antiques","Rugs & Carpets",,,,,,"37978","20081"
"37979","Antiques","Rugs & Carpets","Small (3x5 and smaller)",,,,,"37979","37978"
"37980","Antiques","Rugs & Carpets","Medium (4x6-6x9)",,,,,"37980","37978"
"37981","Antiques","Rugs & Carpets","Large (7x9-9x11)",,,,,"37981","37978"
"37982","Antiques","Rugs & Carpets","Extra Large (9x12 and larger)",,,,,"37982","37978"
"37983","Antiques","Rugs & Carpets","Runners",,,,,"37983","37978"
"73468","Antiques","Rugs & Carpets","Other",,,,,"73468","37978"
"20094","Antiques","Science & Medicine (Pre-1930)",,,,,,"20094","20081"
"163022","Antiques","Science & Medicine (Pre-1930)","Apothecary & Pharmaceutical",,,,,"163022","20094"
"163023","Antiques","Science & Medicine (Pre-1930)","Apothecary & Pharmaceutical","Bottles & Jars",,,,"163023","163022"
"163024","Antiques","Science & Medicine (Pre-1930)","Apothecary & Pharmaceutical","Mortar & Pestles",,,,"163024","163022"
"163025","Antiques","Science & Medicine (Pre-1930)","Apothecary & Pharmaceutical","Scales",,,,"163025","163022"
"163026","Antiques","Science & Medicine (Pre-1930)","Apothecary & Pharmaceutical","Other",,,,"163026","163022"
"163027","Antiques","Science & Medicine (Pre-1930)","Dentistry",,,,,"163027","20094"
"163028","Antiques","Science & Medicine (Pre-1930)","Engineering",,,,,"163028","20094"
"163029","Antiques","Science & Medicine (Pre-1930)","Medicine",,,,,"163029","20094"
"163030","Antiques","Science & Medicine (Pre-1930)","Medicine","Doctor Bags",,,,"163030","163029"
"4069","Antiques","Science & Medicine (Pre-1930)","Medicine","Quack Medicine",,,,"4069","163029"
"163031","Antiques","Science & Medicine (Pre-1930)","Medicine","Stethoscopes",,,,"163031","163029"
"163032","Antiques","Science & Medicine (Pre-1930)","Medicine","Surgical Sets",,,,"163032","163029"
"163033","Antiques","Science & Medicine (Pre-1930)","Medicine","Surgical Tools",,,,"163033","163029"
"1210","Antiques","Science & Medicine (Pre-1930)","Medicine","Other",,,,"1210","163029"
"170063","Antiques","Science & Medicine (Pre-1930)","Mining",,,,,"170063","20094"
"163034","Antiques","Science & Medicine (Pre-1930)","Optical",,,,,"163034","20094"
"163035","Antiques","Science & Medicine (Pre-1930)","Scientific Instruments",,,,,"163035","20094"
"163036","Antiques","Science & Medicine (Pre-1930)","Scientific Instruments","Barometers",,,,"163036","163035"
"163037","Antiques","Science & Medicine (Pre-1930)","Scientific Instruments","Microscopes & Lab Equipment",,,,"163037","163035"
"361","Antiques","Science & Medicine (Pre-1930)","Scientific Instruments","Other",,,,"361","163035"
"171167","Antiques","Science & Medicine (Pre-1930)","Price Guides & Publications",,,,,"171167","20094"
"20095","Antiques","Science & Medicine (Pre-1930)","Other",,,,,"20095","20094"
"156323","Antiques","Sewing (Pre-1930)",,,,,,"156323","20081"
"156324","Antiques","Sewing (Pre-1930)","Baskets & Boxes",,,,,"156324","156323"
"156325","Antiques","Sewing (Pre-1930)","Buttons",,,,,"156325","156323"
"156326","Antiques","Sewing (Pre-1930)","Furniture",,,,,"156326","156323"
"156328","Antiques","Sewing (Pre-1930)","Needles & Cases",,,,,"156328","156323"
"156329","Antiques","Sewing (Pre-1930)","Patterns",,,,,"156329","156323"
"167949","Antiques","Sewing (Pre-1930)","Pin Cushions",,,,,"167949","156323"
"156327","Antiques","Sewing (Pre-1930)","Sewing Machines",,,,,"156327","156323"
"163106","Antiques","Sewing (Pre-1930)","Sewing Machine Parts",,,,,"163106","156323"
"156332","Antiques","Sewing (Pre-1930)","Spools & Thread",,,,,"156332","156323"
"156330","Antiques","Sewing (Pre-1930)","Thimbles",,,,,"156330","156323"
"167950","Antiques","Sewing (Pre-1930)","Tools, Scissors & Measures",,,,,"167950","156323"
"171177","Antiques","Sewing (Pre-1930)","Price Guides & Publications",,,,,"171177","156323"
"156331","Antiques","Sewing (Pre-1930)","Other",,,,,"156331","156323"
"20096","Antiques","Silver",,,,,,"20096","20081"
"2213","Antiques","Silver","Sterling Silver (.925)",,,,,"2213","20096"
"105908","Antiques","Silver","Sterling Silver (.925)","Ash Trays",,,,"105908","2213"
"163056","Antiques","Silver","Sterling Silver (.925)","Bottles, Decanters & Flasks",,,,"163056","2213"
"37991","Antiques","Silver","Sterling Silver (.925)","Bowls",,,,"37991","2213"
"37992","Antiques","Silver","Sterling Silver (.925)","Boxes",,,,"37992","2213"
"105911","Antiques","Silver","Sterling Silver (.925)","Brushes & Grooming Sets",,,,"105911","2213"
"20103","Antiques","Silver","Sterling Silver (.925)","Candlesticks & Candelabra",,,,"20103","2213"
"105899","Antiques","Silver","Sterling Silver (.925)","Card Cases",,,,"105899","2213"
"105900","Antiques","Silver","Sterling Silver (.925)","Cigarette & Vesta Cases",,,,"105900","2213"
"163055","Antiques","Silver","Sterling Silver (.925)","Creamers & Sugar Bowls",,,,"163055","2213"
"37993","Antiques","Silver","Sterling Silver (.925)","Cups & Goblets",,,,"37993","2213"
"63620","Antiques","Silver","Sterling Silver (.925)","Dishes & Coasters",,,,"63620","2213"
"20104","Antiques","Silver","Sterling Silver (.925)","Flatware & Silverware",,,,"20104","2213"
"63623","Antiques","Silver","Sterling Silver (.925)","Miniatures",,,,"63623","2213"
"113310","Antiques","Silver","Sterling Silver (.925)","Mustard Pots",,,,"113310","2213"
"39440","Antiques","Silver","Sterling Silver (.925)","Napkin Rings & Clips",,,,"39440","2213"
"37995","Antiques","Silver","Sterling Silver (.925)","Pitchers & Jugs",,,,"37995","2213"
"163272","Antiques","Silver","Sterling Silver (.925)","Plates & Chargers",,,,"163272","2213"
"39441","Antiques","Silver","Sterling Silver (.925)","Platters & Trays",,,,"39441","2213"
"39442","Antiques","Silver","Sterling Silver (.925)","Salt & Pepper Shakers",,,,"39442","2213"
"163273","Antiques","Silver","Sterling Silver (.925)","Salt Cellars",,,,"163273","2213"
"105914","Antiques","Silver","Sterling Silver (.925)","Sauce Boats",,,,"105914","2213"
"63621","Antiques","Silver","Sterling Silver (.925)","Souvenir Spoons",,,,"63621","2213"
"63622","Antiques","Silver","Sterling Silver (.925)","Sugar Bowls & Tongs",,,,"63622","2213"
"37998","Antiques","Silver","Sterling Silver (.925)","Tea/Coffee Pots & Sets",,,,"37998","2213"
"107440","Antiques","Silver","Sterling Silver (.925)","Thimbles",,,,"107440","2213"
"39443","Antiques","Silver","Sterling Silver (.925)","Vases & Urns",,,,"39443","2213"
"107441","Antiques","Silver","Sterling Silver (.925)","Vinaigrettes",,,,"107441","2213"
"163271","Antiques","Silver","Sterling Silver (.925)","Mixed Lots",,,,"163271","2213"
"1215","Antiques","Silver","Sterling Silver (.925)","Other",,,,"1215","2213"
"20097","Antiques","Silver","Coin Silver (.900)",,,,,"20097","20096"
"169269","Antiques","Silver","Silver Alloys (.800-.899)",,,,,"169269","20096"
"2212","Antiques","Silver","Silverplate",,,,,"2212","20096"
"105886","Antiques","Silver","Silverplate","Ash Trays",,,,"105886","2212"
"163048","Antiques","Silver","Silverplate","Baskets",,,,"163048","2212"
"163049","Antiques","Silver","Silverplate","Bottles, Decanters & Flasks",,,,"163049","2212"
"37985","Antiques","Silver","Silverplate","Bowls",,,,"37985","2212"
"163050","Antiques","Silver","Silverplate","Butter Dishes",,,,"163050","2212"
"20098","Antiques","Silver","Silverplate","Candlesticks & Candelabra",,,,"20098","2212"
"163052","Antiques","Silver","Silverplate","Creamers & Sugar Bowls",,,,"163052","2212"
"37986","Antiques","Silver","Silverplate","Cups & Goblets",,,,"37986","2212"
"105889","Antiques","Silver","Silverplate","Dishes & Coasters",,,,"105889","2212"
"20099","Antiques","Silver","Silverplate","Flatware & Silverware",,,,"20099","2212"
"105894","Antiques","Silver","Silverplate","Napkin Rings & Clips",,,,"105894","2212"
"39437","Antiques","Silver","Silverplate","Pitchers & Jugs",,,,"39437","2212"
"163053","Antiques","Silver","Silverplate","Plates & Chargers",,,,"163053","2212"
"39438","Antiques","Silver","Silverplate","Platters & Trays",,,,"39438","2212"
"105896","Antiques","Silver","Silverplate","Sauce Boats",,,,"105896","2212"
"163051","Antiques","Silver","Silverplate","Souvenir Spoons",,,,"163051","2212"
"37988","Antiques","Silver","Silverplate","Tea/Coffee Pots & Sets",,,,"37988","2212"
"39439","Antiques","Silver","Silverplate","Vases & Urns",,,,"39439","2212"
"163054","Antiques","Silver","Silverplate","Mixed Lots",,,,"163054","2212"
"1216","Antiques","Silver","Silverplate","Other",,,,"1216","2212"
"151726","Antiques","Silver","Non-U.S. Silver",,,,,"151726","20096"
"151732","Antiques","Silver","Non-U.S. Silver","Asia",,,,"151732","151726"
"151727","Antiques","Silver","Non-U.S. Silver","Canada",,,,"151727","151726"
"151729","Antiques","Silver","Non-U.S. Silver","France",,,,"151729","151726"
"151730","Antiques","Silver","Non-U.S. Silver","Germany",,,,"151730","151726"
"151733","Antiques","Silver","Non-U.S. Silver","Mexico",,,,"151733","151726"
"156333","Antiques","Silver","Non-U.S. Silver","Middle East",,,,"156333","151726"
"151736","Antiques","Silver","Non-U.S. Silver","Russia",,,,"151736","151726"
"156334","Antiques","Silver","Non-U.S. Silver","Scandinavia",,,,"156334","151726"
"151735","Antiques","Silver","Non-U.S. Silver","Spain",,,,"151735","151726"
"151728","Antiques","Silver","Non-U.S. Silver","United Kingdom",,,,"151728","151726"
"156335","Antiques","Silver","Non-U.S. Silver","Unknown",,,,"156335","151726"
"151737","Antiques","Silver","Non-U.S. Silver","Other",,,,"151737","151726"
"169270","Antiques","Silver","Unknown",,,,,"169270","20096"
"171168","Antiques","Silver","Price Guides & Publications",,,,,"171168","20096"
"22608","Antiques","Reproduction Antiques",,,,,,"22608","20081"
"12","Antiques","Other",,,,,,"12","20081"
