"625","Cameras & Photo",,,,,,,"625","625"
"28179","Cameras & Photo","Binoculars & Telescopes",,,,,,"28179","625"
"83880","Cameras & Photo","Binoculars & Telescopes","Binoculars & Monoculars",,,,,"83880","28179"
"162485","Cameras & Photo","Binoculars & Telescopes","Binocular Cases & Accessories",,,,,"162485","28179"
"74927","Cameras & Photo","Binoculars & Telescopes","Telescopes",,,,,"74927","28179"
"74922","Cameras & Photo","Binoculars & Telescopes","Telescope Parts & Accessories",,,,,"74922","28179"
"151236","Cameras & Photo","Binoculars & Telescopes","Telescope Parts & Accessories","Telescope Adapters",,,,"151236","74922"
"32943","Cameras & Photo","Binoculars & Telescopes","Telescope Parts & Accessories","Telescope Cases & Bags",,,,"32943","74922"
"29954","Cameras & Photo","Binoculars & Telescopes","Telescope Parts & Accessories","Telescope Eyepieces & Lenses",,,,"29954","74922"
"74923","Cameras & Photo","Binoculars & Telescopes","Telescope Parts & Accessories","Telescope Filters",,,,"74923","74922"
"74925","Cameras & Photo","Binoculars & Telescopes","Telescope Parts & Accessories","Telescope Mirrors & Prisms",,,,"74925","74922"
"167938","Cameras & Photo","Binoculars & Telescopes","Telescope Parts & Accessories","Telescope Mounts",,,,"167938","74922"
"74926","Cameras & Photo","Binoculars & Telescopes","Telescope Parts & Accessories","Other",,,,"74926","74922"
"162044","Cameras & Photo","Binoculars & Telescopes","Other",,,,,"162044","28179"
"179697","Cameras & Photo","Camera Drones",,,,,,"179697","625"
"11724","Cameras & Photo","Camcorders",,,,,,"11724","625"
"31388","Cameras & Photo","Digital Cameras",,,,,,"31388","625"
"15200","Cameras & Photo","Camera & Photo Accessories",,,,,,"15200","625"
"29994","Cameras & Photo","Camera & Photo Accessories","Accessory Bundles",,,,,"29994","15200"
"162045","Cameras & Photo","Camera & Photo Accessories","Batteries",,,,,"162045","15200"
"29967","Cameras & Photo","Camera & Photo Accessories","Battery Grips",,,,,"29967","15200"
"155707","Cameras & Photo","Camera & Photo Accessories","Cables & Adapters",,,,,"155707","15200"
"67339","Cameras & Photo","Camera & Photo Accessories","Camcorder Tapes & Discs",,,,,"67339","15200"
"43440","Cameras & Photo","Camera & Photo Accessories","Camera & Camcorder Lights",,,,,"43440","15200"
"107894","Cameras & Photo","Camera & Photo Accessories","Cases, Bags & Covers",,,,,"107894","15200"
"162046","Cameras & Photo","Camera & Photo Accessories","Chargers & Cradles",,,,,"162046","15200"
"162053","Cameras & Photo","Camera & Photo Accessories","Cleaning Equipment & Kits",,,,,"162053","15200"
"50508","Cameras & Photo","Camera & Photo Accessories","LCD Hoods",,,,,"50508","15200"
"18871","Cameras & Photo","Camera & Photo Accessories","Memory Cards",,,,,"18871","15200"
"50503","Cameras & Photo","Camera & Photo Accessories","Memory Card Cases",,,,,"50503","15200"
"43448","Cameras & Photo","Camera & Photo Accessories","Memory Card Readers & Adapters",,,,,"43448","15200"
"83857","Cameras & Photo","Camera & Photo Accessories","Microphones",,,,,"83857","15200"
"29951","Cameras & Photo","Camera & Photo Accessories","Photo Albums & Storage",,,,,"29951","15200"
"29952","Cameras & Photo","Camera & Photo Accessories","Photo Albums & Storage","Archival & Mounting Materials",,,,"29952","29951"
"73459","Cameras & Photo","Camera & Photo Accessories","Photo Albums & Storage","Photo Albums & Boxes",,,,"73459","29951"
"29953","Cameras & Photo","Camera & Photo Accessories","Photo Albums & Storage","Other",,,,"29953","29951"
"64345","Cameras & Photo","Camera & Photo Accessories","Remotes & Shutter Releases",,,,,"64345","15200"
"167928","Cameras & Photo","Camera & Photo Accessories","Screen Protectors",,,,,"167928","15200"
"64343","Cameras & Photo","Camera & Photo Accessories","Straps & Hand Grips",,,,,"64343","15200"
"50506","Cameras & Photo","Camera & Photo Accessories","Underwater Cases & Housings",,,,,"50506","15200"
"167930","Cameras & Photo","Camera & Photo Accessories","Viewfinders & Eyecups",,,,,"167930","15200"
"162480","Cameras & Photo","Camera & Photo Accessories","Other",,,,,"162480","15200"
"150044","Cameras & Photo","Digital Photo Frames",,,,,,"150044","625"
"69323","Cameras & Photo","Film Photography",,,,,,"69323","625"
"15224","Cameras & Photo","Film Photography","Darkroom & Developing",,,,,"15224","69323"
"29991","Cameras & Photo","Film Photography","Darkroom & Developing","Darkroom Timers",,,,"29991","15224"
"162048","Cameras & Photo","Film Photography","Darkroom & Developing","Easels & Negative Carriers",,,,"162048","15224"
"29985","Cameras & Photo","Film Photography","Darkroom & Developing","Enlargers",,,,"29985","15224"
"29986","Cameras & Photo","Film Photography","Darkroom & Developing","Enlarging Lenses",,,,"29986","15224"
"29983","Cameras & Photo","Film Photography","Darkroom & Developing","Film Development Chemicals",,,,"29983","15224"
"29988","Cameras & Photo","Film Photography","Darkroom & Developing","Finishing Equipment",,,,"29988","15224"
"15226","Cameras & Photo","Film Photography","Darkroom & Developing","Photographic Paper",,,,"15226","15224"
"29993","Cameras & Photo","Film Photography","Darkroom & Developing","Processing Equipment",,,,"29993","15224"
"29990","Cameras & Photo","Film Photography","Darkroom & Developing","Safelights & Bulbs",,,,"29990","15224"
"629","Cameras & Photo","Film Photography","Darkroom & Developing","Other",,,,"629","15224"
"170066","Cameras & Photo","Film Photography","Digital Backs",,,,,"170066","69323"
"15230","Cameras & Photo","Film Photography","Film Cameras",,,,,"15230","69323"
"4201","Cameras & Photo","Film Photography","Film",,,,,"4201","69323"
"29973","Cameras & Photo","Film Photography","Film Backs & Holders",,,,,"29973","69323"
"29980","Cameras & Photo","Film Photography","Lens Boards",,,,,"29980","69323"
"29970","Cameras & Photo","Film Photography","Motor Drives & Winders",,,,,"29970","69323"
"4689","Cameras & Photo","Film Photography","Movie Cameras",,,,,"4689","69323"
"4690","Cameras & Photo","Film Photography","Movie Camera Accessories",,,,,"4690","69323"
"4790","Cameras & Photo","Film Photography","Movie Editing Equipment",,,,,"4790","69323"
"29965","Cameras & Photo","Film Photography","Rangefinder Units & Accs",,,,,"29965","69323"
"15250","Cameras & Photo","Film Photography","Slide & Movie Projection",,,,,"15250","69323"
"15252","Cameras & Photo","Film Photography","Slide & Movie Projection","Movie Projectors",,,,"15252","15250"
"15256","Cameras & Photo","Film Photography","Slide & Movie Projection","Slide Projectors",,,,"15256","15250"
"15251","Cameras & Photo","Film Photography","Slide & Movie Projection","Bulbs & Lamps",,,,"15251","15250"
"83874","Cameras & Photo","Film Photography","Slide & Movie Projection","Projection Lenses",,,,"83874","15250"
"30089","Cameras & Photo","Film Photography","Slide & Movie Projection","Projection Screens & Material",,,,"30089","15250"
"83876","Cameras & Photo","Film Photography","Slide & Movie Projection","Slide Trays & Carousels",,,,"83876","15250"
"83877","Cameras & Photo","Film Photography","Slide & Movie Projection","Slide Viewers",,,,"83877","15250"
"15257","Cameras & Photo","Film Photography","Slide & Movie Projection","Other",,,,"15257","15250"
"43479","Cameras & Photo","Film Photography","Other",,,,,"43479","69323"
"64353","Cameras & Photo","Flashes & Flash Accessories",,,,,,"64353","625"
"48515","Cameras & Photo","Flashes & Flash Accessories","Flashes",,,,,"48515","64353"
"69573","Cameras & Photo","Flashes & Flash Accessories","Flash Adapters",,,,,"69573","64353"
"89161","Cameras & Photo","Flashes & Flash Accessories","Flash Brackets",,,,,"89161","64353"
"121464","Cameras & Photo","Flashes & Flash Accessories","Flash Diffusers",,,,,"121464","64353"
"155823","Cameras & Photo","Flashes & Flash Accessories","Sync Cords",,,,,"155823","64353"
"64354","Cameras & Photo","Flashes & Flash Accessories","Other",,,,,"64354","64353"
"78997","Cameras & Photo","Lenses & Filters",,,,,,"78997","625"
"3323","Cameras & Photo","Lenses & Filters","Lenses",,,,,"3323","78997"
"15216","Cameras & Photo","Lenses & Filters","Filters",,,,,"15216","78997"
"80390","Cameras & Photo","Lenses & Filters","Auxiliary Lenses",,,,,"80390","78997"
"30040","Cameras & Photo","Lenses & Filters","Filter Rings & Holders",,,,,"30040","78997"
"30059","Cameras & Photo","Lenses & Filters","Lens Adapters, Mounts & Tubes",,,,,"30059","78997"
"79001","Cameras & Photo","Lenses & Filters","Lens Caps",,,,,"79001","78997"
"78999","Cameras & Photo","Lenses & Filters","Lens Hoods",,,,,"78999","78997"
"79000","Cameras & Photo","Lenses & Filters","Other",,,,,"79000","78997"
"30078","Cameras & Photo","Lighting & Studio",,,,,,"30078","625"
"79003","Cameras & Photo","Lighting & Studio","Background Material",,,,,"79003","30078"
"19590","Cameras & Photo","Lighting & Studio","Continuous Lighting",,,,,"19590","30078"
"19591","Cameras & Photo","Lighting & Studio","Continuous Lighting","Lighting Kits",,,,"19591","19590"
"69341","Cameras & Photo","Lighting & Studio","Continuous Lighting","Lighting Units",,,,"69341","19590"
"172516","Cameras & Photo","Lighting & Studio","Continuous Lighting","Light Bulbs & Tubes",,,,"172516","19590"
"3860","Cameras & Photo","Lighting & Studio","Continuous Lighting","Other",,,,"3860","19590"
"124848","Cameras & Photo","Lighting & Studio","Flash Lighting",,,,,"124848","30078"
"87637","Cameras & Photo","Lighting & Studio","Flash Lighting","Monolight Flashes",,,,"87637","124848"
"124850","Cameras & Photo","Lighting & Studio","Flash Lighting","Flash Heads & Power Supplies",,,,"124850","124848"
"87635","Cameras & Photo","Lighting & Studio","Flash Lighting","Flash Lighting Kits",,,,"87635","124848"
"155817","Cameras & Photo","Lighting & Studio","Flash Lighting","Flash Bulbs & Tubes",,,,"155817","124848"
"30086","Cameras & Photo","Lighting & Studio","Flash Lighting","Slaves & Trigger Systems",,,,"30086","124848"
"30087","Cameras & Photo","Lighting & Studio","Flash Lighting","Other",,,,"30087","124848"
"79007","Cameras & Photo","Lighting & Studio","Light Controls & Modifiers",,,,,"79007","30078"
"79008","Cameras & Photo","Lighting & Studio","Light Controls & Modifiers","Softboxes & Diffusers",,,,"79008","79007"
"30082","Cameras & Photo","Lighting & Studio","Light Controls & Modifiers","Studio Reflectors",,,,"30082","79007"
"79009","Cameras & Photo","Lighting & Studio","Light Controls & Modifiers","Studio Umbrellas",,,,"79009","79007"
"79010","Cameras & Photo","Lighting & Studio","Light Controls & Modifiers","Other",,,,"79010","79007"
"88668","Cameras & Photo","Lighting & Studio","Light Meters",,,,,"88668","30078"
"88665","Cameras & Photo","Lighting & Studio","Light Stands & Booms",,,,,"88665","30078"
"88667","Cameras & Photo","Lighting & Studio","Light Stand & Boom Accessories",,,,,"88667","30078"
"30085","Cameras & Photo","Lighting & Studio","Props & Stage Equipment",,,,,"30085","30078"
"151226","Cameras & Photo","Lighting & Studio","Shooting Tables & Light Tents",,,,,"151226","30078"
"21198","Cameras & Photo","Lighting & Studio","Stock Photo Collections",,,,,"21198","30078"
"30088","Cameras & Photo","Lighting & Studio","Other",,,,,"30088","30078"
"4684","Cameras & Photo","Manuals & Guides",,,,,,"4684","625"
"162047","Cameras & Photo","Replacement Parts & Tools",,,,,,"162047","625"
"172513","Cameras & Photo","Replacement Parts & Tools","Camcorder Parts",,,,,"172513","162047"
"64352","Cameras & Photo","Replacement Parts & Tools","Digital Camera Parts",,,,,"64352","162047"
"30038","Cameras & Photo","Replacement Parts & Tools","Film Camera Parts",,,,,"30038","162047"
"172514","Cameras & Photo","Replacement Parts & Tools","Tools & Repair Kits",,,,,"172514","162047"
"30090","Cameras & Photo","Tripods & Supports",,,,,,"30090","625"
"30093","Cameras & Photo","Tripods & Supports","Tripods & Monopods",,,,,"30093","30090"
"172511","Cameras & Photo","Tripods & Supports","Stabilizers",,,,,"172511","30090"
"30095","Cameras & Photo","Tripods & Supports","Tripod Heads",,,,,"30095","30090"
"30097","Cameras & Photo","Tripods & Supports","Other Parts & Accessories",,,,,"30097","30090"
"21162","Cameras & Photo","Video Production & Editing",,,,,,"21162","625"
"100501","Cameras & Photo","Video Production & Editing","Audio for Video",,,,,"100501","21162"
"21166","Cameras & Photo","Video Production & Editing","Editing & Post-Production",,,,,"21166","21162"
"21168","Cameras & Photo","Video Production & Editing","Recorders & Players",,,,,"21168","21162"
"21169","Cameras & Photo","Video Production & Editing","Switchers & Routers",,,,,"21169","21162"
"21517","Cameras & Photo","Video Production & Editing","Video Monitors",,,,,"21517","21162"
"3319","Cameras & Photo","Video Production & Editing","Other",,,,,"3319","21162"
"3326","Cameras & Photo","Vintage Movie & Photography",,,,,,"3326","625"
"101643","Cameras & Photo","Vintage Movie & Photography","Vintage Cameras",,,,,"101643","3326"
"98923","Cameras & Photo","Vintage Movie & Photography","Vintage Cameras","35mm Cameras",,,,"98923","101643"
"11716","Cameras & Photo","Vintage Movie & Photography","Vintage Cameras","Box Cameras",,,,"11716","101643"
"109092","Cameras & Photo","Vintage Movie & Photography","Vintage Cameras","Disc Cameras",,,,"109092","101643"
"11717","Cameras & Photo","Vintage Movie & Photography","Vintage Cameras","Folding Cameras",,,,"11717","101643"
"11718","Cameras & Photo","Vintage Movie & Photography","Vintage Cameras","Instant Cameras",,,,"11718","101643"
"11719","Cameras & Photo","Vintage Movie & Photography","Vintage Cameras","Movie Cameras",,,,"11719","101643"
"98924","Cameras & Photo","Vintage Movie & Photography","Vintage Cameras","Rangefinder Cameras",,,,"98924","101643"
"11720","Cameras & Photo","Vintage Movie & Photography","Vintage Cameras","SLR Cameras",,,,"11720","101643"
"4692","Cameras & Photo","Vintage Movie & Photography","Vintage Cameras","Stereo Cameras",,,,"4692","101643"
"101644","Cameras & Photo","Vintage Movie & Photography","Vintage Cameras","Subminiature Cameras",,,,"101644","101643"
"11721","Cameras & Photo","Vintage Movie & Photography","Vintage Cameras","TLR Cameras",,,,"11721","101643"
"4701","Cameras & Photo","Vintage Movie & Photography","Vintage Cameras","Other",,,,"4701","101643"
"167943","Cameras & Photo","Vintage Movie & Photography","Vintage Film",,,,,"167943","3326"
"101642","Cameras & Photo","Vintage Movie & Photography","Vintage Lenses",,,,,"101642","3326"
"170067","Cameras & Photo","Vintage Movie & Photography","Vintage Manuals & Guides",,,,,"170067","3326"
"11722","Cameras & Photo","Vintage Movie & Photography","Vintage Projectors & Screens",,,,,"11722","3326"
"4702","Cameras & Photo","Vintage Movie & Photography","Vintage Parts & Accessories",,,,,"4702","3326"
"711","Cameras & Photo","Vintage Movie & Photography","Other",,,,,"711","3326"
"45086","Cameras & Photo","Wholesale Lots",,,,,,"45086","625"
"50996","Cameras & Photo","Wholesale Lots","Digital Cameras",,,,,"50996","45086"
"50997","Cameras & Photo","Wholesale Lots","Film Cameras",,,,,"50997","45086"
"45088","Cameras & Photo","Wholesale Lots","Vintage",,,,,"45088","45086"
"45087","Cameras & Photo","Wholesale Lots","Accessories",,,,,"45087","45086"
"45089","Cameras & Photo","Wholesale Lots","Other",,,,,"45089","45086"
"27432","Cameras & Photo","Other",,,,,,"27432","625"
