"15032","Cell Phones & Accessories",,,,,,,"15032","15032"
"9355","Cell Phones & Accessories","Cell Phones & Smartphones",,,,,,"9355","15032"
"178893","Cell Phones & Accessories","Smart Watches",,,,,,"178893","15032"
"9394","Cell Phones & Accessories","Cell Phone Accessories",,,,,,"9394","15032"
"58543","Cell Phones & Accessories","Cell Phone Accessories","Accessory Bundles",,,,,"58543","9394"
"166030","Cell Phones & Accessories","Cell Phone Accessories","Armbands",,,,,"166030","9394"
"132297","Cell Phones & Accessories","Cell Phone Accessories","Audio Docks & Speakers",,,,,"132297","9394"
"20357","Cell Phones & Accessories","Cell Phone Accessories","Batteries",,,,,"20357","9394"
"123422","Cell Phones & Accessories","Cell Phone Accessories","Cables & Adapters",,,,,"123422","9394"
"88468","Cell Phones & Accessories","Cell Phone Accessories","Car Speakerphones",,,,,"88468","9394"
"20349","Cell Phones & Accessories","Cell Phone Accessories","Cases, Covers & Skins",,,,,"20349","9394"
"123417","Cell Phones & Accessories","Cell Phone Accessories","Chargers & Cradles",,,,,"123417","9394"
"20373","Cell Phones & Accessories","Cell Phone Accessories","Decals & Stickers",,,,,"20373","9394"
"146504","Cell Phones & Accessories","Cell Phone Accessories","FM Transmitters",,,,,"146504","9394"
"80077","Cell Phones & Accessories","Cell Phone Accessories","Headsets",,,,,"80077","9394"
"43307","Cell Phones & Accessories","Cell Phone Accessories","Manuals & Guides",,,,,"43307","9394"
"96991","Cell Phones & Accessories","Cell Phone Accessories","Memory Cards",,,,,"96991","9394"
"48571","Cell Phones & Accessories","Cell Phone Accessories","Memory Card Readers & Adapters",,,,,"48571","9394"
"35190","Cell Phones & Accessories","Cell Phone Accessories","Mounts & Holders",,,,,"35190","9394"
"179406","Cell Phones & Accessories","Cell Phone Accessories","Port Dust Covers",,,,,"179406","9394"
"58540","Cell Phones & Accessories","Cell Phone Accessories","Screen Protectors",,,,,"58540","9394"
"68030","Cell Phones & Accessories","Cell Phone Accessories","Signal Boosters",,,,,"68030","9394"
"122962","Cell Phones & Accessories","Cell Phone Accessories","Straps & Charms",,,,,"122962","9394"
"48677","Cell Phones & Accessories","Cell Phone Accessories","Styluses",,,,,"48677","9394"
"42425","Cell Phones & Accessories","Cell Phone Accessories","Other",,,,,"42425","9394"
"136699","Cell Phones & Accessories","Display Phones",,,,,,"136699","15032"
"146492","Cell Phones & Accessories","Phone Cards & SIM Cards",,,,,,"146492","15032"
"43308","Cell Phones & Accessories","Phone Cards & SIM Cards","Refills & Top Ups",,,,,"43308","146492"
"29778","Cell Phones & Accessories","Phone Cards & SIM Cards","SIM Cards",,,,,"29778","146492"
"146493","Cell Phones & Accessories","Phone Cards & SIM Cards","SIM Card Readers",,,,,"146493","146492"
"43304","Cell Phones & Accessories","Cell Phone & Smartphone Parts",,,,,,"43304","15032"
"45065","Cell Phones & Accessories","Wholesale Lots",,,,,,"45065","15032"
"45070","Cell Phones & Accessories","Wholesale Lots","Cell Phones",,,,,"45070","45065"
"45066","Cell Phones & Accessories","Wholesale Lots","Parts & Accessories",,,,,"45066","45065"
"64356","Cell Phones & Accessories","Wholesale Lots","Parts & Accessories","Batteries",,,,"64356","45066"
"167923","Cell Phones & Accessories","Wholesale Lots","Parts & Accessories","Cables & Adapters",,,,"167923","45066"
"45068","Cell Phones & Accessories","Wholesale Lots","Parts & Accessories","Cases, Covers & Skins",,,,"45068","45066"
"64357","Cell Phones & Accessories","Wholesale Lots","Parts & Accessories","Chargers & Cradles",,,,"64357","45066"
"146495","Cell Phones & Accessories","Wholesale Lots","Parts & Accessories","Faceplates",,,,"146495","45066"
"167924","Cell Phones & Accessories","Wholesale Lots","Parts & Accessories","Headsets",,,,"167924","45066"
"146496","Cell Phones & Accessories","Wholesale Lots","Parts & Accessories","Screen Protectors",,,,"146496","45066"
"45067","Cell Phones & Accessories","Wholesale Lots","Parts & Accessories","Signal Boosters",,,,"45067","45066"
"146494","Cell Phones & Accessories","Wholesale Lots","Parts & Accessories","Straps & Charms",,,,"146494","45066"
"167926","Cell Phones & Accessories","Wholesale Lots","Parts & Accessories","Styluses",,,,"167926","45066"
"45069","Cell Phones & Accessories","Wholesale Lots","Parts & Accessories","Other",,,,"45069","45066"
"45073","Cell Phones & Accessories","Wholesale Lots","Other",,,,,"45073","45065"
"42428","Cell Phones & Accessories","Other",,,,,,"42428","15032"
