"293","Consumer Electronics",,,,,,,"293","293"
"15052","Consumer Electronics","Portable Audio & Headphones",,,,,,"15052","293"
"112529","Consumer Electronics","Portable Audio & Headphones","Headphones",,,,,"112529","15052"
"73839","Consumer Electronics","Portable Audio & Headphones","iPods & MP3 Players",,,,,"73839","15052"
"56169","Consumer Electronics","Portable Audio & Headphones","iPod, Audio Player Accessories",,,,,"56169","15052"
"73834","Consumer Electronics","Portable Audio & Headphones","iPod, Audio Player Accessories","Accessory Bundles",,,,"73834","56169"
"168093","Consumer Electronics","Portable Audio & Headphones","iPod, Audio Player Accessories","Armbands",,,,"168093","56169"
"111694","Consumer Electronics","Portable Audio & Headphones","iPod, Audio Player Accessories","Audio Docks & Mini Speakers",,,,"111694","56169"
"56172","Consumer Electronics","Portable Audio & Headphones","iPod, Audio Player Accessories","Cables & Adapters",,,,"56172","56169"
"56170","Consumer Electronics","Portable Audio & Headphones","iPod, Audio Player Accessories","Cases, Covers & Skins",,,,"56170","56169"
"73835","Consumer Electronics","Portable Audio & Headphones","iPod, Audio Player Accessories","Cassette Adapters",,,,"73835","56169"
"124270","Consumer Electronics","Portable Audio & Headphones","iPod, Audio Player Accessories","Chargers & Cradles",,,,"124270","56169"
"118261","Consumer Electronics","Portable Audio & Headphones","iPod, Audio Player Accessories","Device-Specific Batteries",,,,"118261","56169"
"73836","Consumer Electronics","Portable Audio & Headphones","iPod, Audio Player Accessories","FM Transmitters",,,,"73836","56169"
"173632","Consumer Electronics","Portable Audio & Headphones","iPod, Audio Player Accessories","Headphone Cord Winders",,,,"173632","56169"
"122654","Consumer Electronics","Portable Audio & Headphones","iPod, Audio Player Accessories","Mini Plug-in Microphones",,,,"122654","56169"
"131093","Consumer Electronics","Portable Audio & Headphones","iPod, Audio Player Accessories","Mounts & Holders",,,,"131093","56169"
"79877","Consumer Electronics","Portable Audio & Headphones","iPod, Audio Player Accessories","Remotes",,,,"79877","56169"
"168096","Consumer Electronics","Portable Audio & Headphones","iPod, Audio Player Accessories","Screen Protectors",,,,"168096","56169"
"48680","Consumer Electronics","Portable Audio & Headphones","iPod, Audio Player Accessories","Other",,,,"48680","56169"
"15053","Consumer Electronics","Portable Audio & Headphones","Personal Cassette Players",,,,,"15053","15052"
"15054","Consumer Electronics","Portable Audio & Headphones","Personal CD Players",,,,,"15054","15052"
"15056","Consumer Electronics","Portable Audio & Headphones","Personal MiniDisc Recorders",,,,,"15056","15052"
"96954","Consumer Electronics","Portable Audio & Headphones","Portable AM/FM Radios",,,,,"96954","15052"
"109256","Consumer Electronics","Portable Audio & Headphones","Portable Satellite Radios",,,,,"109256","15052"
"48626","Consumer Electronics","Portable Audio & Headphones","Portable Stereos, Boomboxes",,,,,"48626","15052"
"163769","Consumer Electronics","Portable Audio & Headphones","Replacement Parts & Tools",,,,,"163769","15052"
"3281","Consumer Electronics","Portable Audio & Headphones","Other",,,,,"3281","15052"
"32852","Consumer Electronics","TV, Video & Home Audio",,,,,,"32852","293"
"11071","Consumer Electronics","TV, Video & Home Audio","Televisions",,,,,"11071","32852"
"39804","Consumer Electronics","TV, Video & Home Audio","Cable TV Boxes",,,,,"39804","32852"
"175711","Consumer Electronics","TV, Video & Home Audio","DVD & Blu-ray Players",,,,,"175711","32852"
"11725","Consumer Electronics","TV, Video & Home Audio","DVRs, Hard Drive Recorders",,,,,"11725","32852"
"14969","Consumer Electronics","TV, Video & Home Audio","Home Audio Stereos, Components",,,,,"14969","32852"
"14970","Consumer Electronics","TV, Video & Home Audio","Home Audio Stereos, Components","Amplifiers & Preamps",,,,"14970","14969"
"48645","Consumer Electronics","TV, Video & Home Audio","Home Audio Stereos, Components","Cassette Tape Decks",,,,"48645","14969"
"14971","Consumer Electronics","TV, Video & Home Audio","Home Audio Stereos, Components","CD Players & Recorders",,,,"14971","14969"
"4787","Consumer Electronics","TV, Video & Home Audio","Home Audio Stereos, Components","Compact & Shelf Stereos",,,,"4787","14969"
"3271","Consumer Electronics","TV, Video & Home Audio","Home Audio Stereos, Components","Equalizers",,,,"3271","14969"
"4786","Consumer Electronics","TV, Video & Home Audio","Home Audio Stereos, Components","MiniDisc Decks",,,,"4786","14969"
"22635","Consumer Electronics","TV, Video & Home Audio","Home Audio Stereos, Components","Radio Tuners",,,,"22635","14969"
"48647","Consumer Electronics","TV, Video & Home Audio","Home Audio Stereos, Components","Record Players/Home Turntables",,,,"48647","14969"
"175708","Consumer Electronics","TV, Video & Home Audio","Home Audio Stereos, Components","Stereo Component Combos",,,,"175708","14969"
"175707","Consumer Electronics","TV, Video & Home Audio","Home Audio Stereos, Components","Stereo Receivers",,,,"175707","14969"
"81741","Consumer Electronics","TV, Video & Home Audio","Home Audio Stereos, Components","Other",,,,"81741","14969"
"14990","Consumer Electronics","TV, Video & Home Audio","Home Speakers & Subwoofers",,,,,"14990","32852"
"22610","Consumer Electronics","TV, Video & Home Audio","Home Theater Projectors",,,,,"22610","32852"
"14981","Consumer Electronics","TV, Video & Home Audio","Home Theater Receivers",,,,,"14981","32852"
"72406","Consumer Electronics","TV, Video & Home Audio","Home Theater Systems",,,,,"72406","32852"
"168058","Consumer Electronics","TV, Video & Home Audio","Internet & Media Streamers",,,,,"168058","32852"
"96969","Consumer Electronics","TV, Video & Home Audio","Satellite TV Receivers",,,,,"96969","32852"
"15088","Consumer Electronics","TV, Video & Home Audio","VCRs",,,,,"15088","32852"
"14961","Consumer Electronics","TV, Video & Home Audio","TV, Video & Audio Accessories",,,,,"14961","32852"
"175719","Consumer Electronics","TV, Video & Home Audio","TV, Video & Audio Accessories","3D TV Glasses & Accessories",,,,"175719","14961"
"175720","Consumer Electronics","TV, Video & Home Audio","TV, Video & Audio Accessories","Antennas & Dishes",,,,"175720","14961"
"149973","Consumer Electronics","TV, Video & Home Audio","TV, Video & Audio Accessories","Antenna & Dish Mounting Gear",,,,"149973","14961"
"14964","Consumer Electronics","TV, Video & Home Audio","TV, Video & Audio Accessories","Audio Cables & Interconnects",,,,"14964","14961"
"175721","Consumer Electronics","TV, Video & Home Audio","TV, Video & Audio Accessories","Audio Cable Plugs & Jacks",,,,"175721","14961"
"149958","Consumer Electronics","TV, Video & Home Audio","TV, Video & Audio Accessories","Audio/Video Transmitters",,,,"149958","14961"
"94893","Consumer Electronics","TV, Video & Home Audio","TV, Video & Audio Accessories","Blank Media, Care & Storage",,,,"94893","14961"
"14962","Consumer Electronics","TV, Video & Home Audio","TV, Video & Audio Accessories","Blank Media, Care & Storage","Audio Tapes",,,"14962","94893"
"175718","Consumer Electronics","TV, Video & Home Audio","TV, Video & Audio Accessories","Blank Media, Care & Storage","CD, DVD & Blu-ray Discs",,,"175718","94893"
"48643","Consumer Electronics","TV, Video & Home Audio","TV, Video & Audio Accessories","Blank Media, Care & Storage","Disc Repair & Disc Cleaning",,,"48643","94893"
"15091","Consumer Electronics","TV, Video & Home Audio","TV, Video & Audio Accessories","Blank Media, Care & Storage","Head & Lens Cleaning",,,"15091","94893"
"64588","Consumer Electronics","TV, Video & Home Audio","TV, Video & Audio Accessories","Blank Media, Care & Storage","Media Cases & Storage",,,"64588","94893"
"149959","Consumer Electronics","TV, Video & Home Audio","TV, Video & Audio Accessories","Blank Media, Care & Storage","MiniDiscs",,,"149959","94893"
"149960","Consumer Electronics","TV, Video & Home Audio","TV, Video & Audio Accessories","Blank Media, Care & Storage","VHS Video Tapes",,,"149960","94893"
"149963","Consumer Electronics","TV, Video & Home Audio","TV, Video & Audio Accessories","Blank Media, Care & Storage","Vinyl Record Cleaning",,,"149963","94893"
"149961","Consumer Electronics","TV, Video & Home Audio","TV, Video & Audio Accessories","Blank Media, Care & Storage","Other",,,"149961","94893"
"48644","Consumer Electronics","TV, Video & Home Audio","TV, Video & Audio Accessories","Manuals & Resources",,,,"48644","14961"
"48655","Consumer Electronics","TV, Video & Home Audio","TV, Video & Audio Accessories","Projection Screens & Material",,,,"48655","14961"
"71584","Consumer Electronics","TV, Video & Home Audio","TV, Video & Audio Accessories","Projector Mounts & Stands",,,,"71584","14961"
"61312","Consumer Electronics","TV, Video & Home Audio","TV, Video & Audio Accessories","Remote Controls",,,,"61312","14961"
"149971","Consumer Electronics","TV, Video & Home Audio","TV, Video & Audio Accessories","Satellite LNB Downconverters",,,,"149971","14961"
"67880","Consumer Electronics","TV, Video & Home Audio","TV, Video & Audio Accessories","Satellite Signal Multiswitches",,,,"67880","14961"
"39803","Consumer Electronics","TV, Video & Home Audio","TV, Video & Audio Accessories","Signal Amplifiers & Filters",,,,"39803","14961"
"67882","Consumer Electronics","TV, Video & Home Audio","TV, Video & Audio Accessories","Signal Finders",,,,"67882","14961"
"61336","Consumer Electronics","TV, Video & Home Audio","TV, Video & Audio Accessories","Speaker Mounts & Stands",,,,"61336","14961"
"149972","Consumer Electronics","TV, Video & Home Audio","TV, Video & Audio Accessories","Splitters & Combiners",,,,"149972","14961"
"175722","Consumer Electronics","TV, Video & Home Audio","TV, Video & Audio Accessories","Tools, Crimpers & Strippers",,,,"175722","14961"
"48656","Consumer Electronics","TV, Video & Home Audio","TV, Video & Audio Accessories","TV Mounts & Brackets",,,,"48656","14961"
"32834","Consumer Electronics","TV, Video & Home Audio","TV, Video & Audio Accessories","Video Cables & Interconnects",,,,"32834","14961"
"61395","Consumer Electronics","TV, Video & Home Audio","TV, Video & Audio Accessories","Other",,,,"61395","14961"
"71582","Consumer Electronics","TV, Video & Home Audio","TV, Video & Audio Parts",,,,,"71582","32852"
"122649","Consumer Electronics","TV, Video & Home Audio","TV, Video & Audio Parts","Amplifier Parts & Components",,,,"122649","71582"
"71583","Consumer Electronics","TV, Video & Home Audio","TV, Video & Audio Parts","Projector Lamps & Components",,,,"71583","71582"
"149975","Consumer Electronics","TV, Video & Home Audio","TV, Video & Audio Parts","Rear-Projection TV Lamps",,,,"149975","71582"
"64619","Consumer Electronics","TV, Video & Home Audio","TV, Video & Audio Parts","Record Player, Turntable Parts",,,,"64619","71582"
"175723","Consumer Electronics","TV, Video & Home Audio","TV, Video & Audio Parts","Speaker Parts & Components",,,,"175723","71582"
"163768","Consumer Electronics","TV, Video & Home Audio","TV, Video & Audio Parts","TV Boards, Parts & Components",,,,"163768","71582"
"71585","Consumer Electronics","TV, Video & Home Audio","TV, Video & Audio Parts","Other",,,,"71585","71582"
"163829","Consumer Electronics","TV, Video & Home Audio","Other",,,,,"163829","32852"
"3270","Consumer Electronics","Vehicle Electronics & GPS",,,,,,"3270","293"
"156955","Consumer Electronics","Vehicle Electronics & GPS","GPS Units",,,,,"156955","3270"
"139836","Consumer Electronics","Vehicle Electronics & GPS","GPS Accessories & Tracking",,,,,"139836","3270"
"73348","Consumer Electronics","Vehicle Electronics & GPS","GPS Accessories & Tracking","GPS Antennas",,,,"73348","139836"
"168103","Consumer Electronics","Vehicle Electronics & GPS","GPS Accessories & Tracking","GPS Cases & Skins",,,,"168103","139836"
"175726","Consumer Electronics","Vehicle Electronics & GPS","GPS Accessories & Tracking","GPS Chargers & Batteries",,,,"175726","139836"
"73353","Consumer Electronics","Vehicle Electronics & GPS","GPS Accessories & Tracking","GPS Holders & Mounts",,,,"73353","139836"
"168104","Consumer Electronics","Vehicle Electronics & GPS","GPS Accessories & Tracking","GPS Screen Protectors",,,,"168104","139836"
"139837","Consumer Electronics","Vehicle Electronics & GPS","GPS Accessories & Tracking","GPS Software & Maps",,,,"139837","139836"
"73362","Consumer Electronics","Vehicle Electronics & GPS","GPS Accessories & Tracking","Tracking Devices",,,,"73362","139836"
"58049","Consumer Electronics","Vehicle Electronics & GPS","GPS Accessories & Tracking","Other",,,,"58049","139836"
"73335","Consumer Electronics","Vehicle Electronics & GPS","12-Volt Portable Appliances",,,,,"73335","3270"
"48610","Consumer Electronics","Vehicle Electronics & GPS","Car Alarms & Security",,,,,"48610","3270"
"75390","Consumer Electronics","Vehicle Electronics & GPS","Car Alarms & Security","Car Alarms & Security Systems",,,,"75390","48610"
"94830","Consumer Electronics","Vehicle Electronics & GPS","Car Alarms & Security","Car Keys & Transponders",,,,"94830","48610"
"75389","Consumer Electronics","Vehicle Electronics & GPS","Car Alarms & Security","Relays & Sensors",,,,"75389","48610"
"71530","Consumer Electronics","Vehicle Electronics & GPS","Car Alarms & Security","Replacement Remotes",,,,"71530","48610"
"60203","Consumer Electronics","Vehicle Electronics & GPS","Car Alarms & Security","Other",,,,"60203","48610"
"175716","Consumer Electronics","Vehicle Electronics & GPS","Car Audio",,,,,"175716","3270"
"18795","Consumer Electronics","Vehicle Electronics & GPS","Car Audio","Car Amplifiers",,,,"18795","175716"
"39754","Consumer Electronics","Vehicle Electronics & GPS","Car Audio","Car Audio In-Dash Units",,,,"39754","175716"
"39746","Consumer Electronics","Vehicle Electronics & GPS","Car Audio","Car CD Changers",,,,"39746","175716"
"14936","Consumer Electronics","Vehicle Electronics & GPS","Car Audio","Car Speakers & Speaker Systems",,,,"14936","175716"
"18805","Consumer Electronics","Vehicle Electronics & GPS","Car Audio","Car Subwoofers",,,,"18805","175716"
"79839","Consumer Electronics","Vehicle Electronics & GPS","Car Audio","Signal Processors",,,,"79839","175716"
"175717","Consumer Electronics","Vehicle Electronics & GPS","Car Audio","Other",,,,"175717","175716"
"48604","Consumer Electronics","Vehicle Electronics & GPS","Car Video",,,,,"48604","3270"
"175712","Consumer Electronics","Vehicle Electronics & GPS","Car Video","Car Monitors w/Built-in Player",,,,"175712","48604"
"48606","Consumer Electronics","Vehicle Electronics & GPS","Car Video","Car Monitors w/o Player",,,,"48606","48604"
"149976","Consumer Electronics","Vehicle Electronics & GPS","Car Video","Rear View Monitors/Cams & Kits",,,,"149976","48604"
"79834","Consumer Electronics","Vehicle Electronics & GPS","Car Video","Video In-Dash Units w/GPS",,,,"79834","48604"
"79835","Consumer Electronics","Vehicle Electronics & GPS","Car Video","Video In-Dash Units w/o GPS",,,,"79835","48604"
"48605","Consumer Electronics","Vehicle Electronics & GPS","Car Video","Other",,,,"48605","48604"
"32806","Consumer Electronics","Vehicle Electronics & GPS","Car Audio & Video Installation",,,,,"32806","3270"
"71527","Consumer Electronics","Vehicle Electronics & GPS","Car Audio & Video Installation","Amplifier Kits",,,,"71527","32806"
"75386","Consumer Electronics","Vehicle Electronics & GPS","Car Audio & Video Installation","Capacitors",,,,"75386","32806"
"50549","Consumer Electronics","Vehicle Electronics & GPS","Car Audio & Video Installation","Connectors & Terminals",,,,"50549","32806"
"85806","Consumer Electronics","Vehicle Electronics & GPS","Car Audio & Video Installation","Dashboard Installation Kits",,,,"85806","32806"
"50550","Consumer Electronics","Vehicle Electronics & GPS","Car Audio & Video Installation","Distribution Blocks",,,,"50550","32806"
"50551","Consumer Electronics","Vehicle Electronics & GPS","Car Audio & Video Installation","Fuses & Fuse Holders",,,,"50551","32806"
"94844","Consumer Electronics","Vehicle Electronics & GPS","Car Audio & Video Installation","Interconnect Cables",,,,"94844","32806"
"32810","Consumer Electronics","Vehicle Electronics & GPS","Car Audio & Video Installation","Power & Speaker Wire",,,,"32810","32806"
"50564","Consumer Electronics","Vehicle Electronics & GPS","Car Audio & Video Installation","Speaker/Sub. Enclosures",,,,"50564","32806"
"67773","Consumer Electronics","Vehicle Electronics & GPS","Car Audio & Video Installation","Speaker/Sub. Grills & Accs",,,,"67773","32806"
"64578","Consumer Electronics","Vehicle Electronics & GPS","Car Audio & Video Installation","Wire Harnesses",,,,"64578","32806"
"50552","Consumer Electronics","Vehicle Electronics & GPS","Car Audio & Video Installation","Other",,,,"50552","32806"
"60207","Consumer Electronics","Vehicle Electronics & GPS","Car Electronics Accessories",,,,,"60207","3270"
"60208","Consumer Electronics","Vehicle Electronics & GPS","Car Electronics Accessories","Adapters",,,,"60208","60207"
"12040","Consumer Electronics","Vehicle Electronics & GPS","Car Electronics Accessories","Audio/Video Remotes",,,,"12040","60207"
"175714","Consumer Electronics","Vehicle Electronics & GPS","Car Electronics Accessories","Bluetooth, Handsfree Car Kits",,,,"175714","60207"
"71536","Consumer Electronics","Vehicle Electronics & GPS","Car Electronics Accessories","Car Lighting",,,,"71536","60207"
"58020","Consumer Electronics","Vehicle Electronics & GPS","Car Electronics Accessories","Power Inverters",,,,"58020","60207"
"50553","Consumer Electronics","Vehicle Electronics & GPS","Car Electronics Accessories","Radio Antennas",,,,"50553","60207"
"175713","Consumer Electronics","Vehicle Electronics & GPS","Car Electronics Accessories","Remote Start & Entry Systems",,,,"175713","60207"
"71535","Consumer Electronics","Vehicle Electronics & GPS","Car Electronics Accessories","Replacement Faceplates",,,,"71535","60207"
"175715","Consumer Electronics","Vehicle Electronics & GPS","Car Electronics Accessories","Other",,,,"175715","60207"
"168105","Consumer Electronics","Vehicle Electronics & GPS","Marine Audio",,,,,"168105","3270"
"14935","Consumer Electronics","Vehicle Electronics & GPS","Radar & Laser Detectors",,,,,"14935","3270"
"1498","Consumer Electronics","Vehicle Electronics & GPS","Other",,,,,"1498","3270"
"50582","Consumer Electronics","Home Automation",,,,,,"50582","293"
"50583","Consumer Electronics","Home Automation","Controls & Touchscreens",,,,,"50583","50582"
"50584","Consumer Electronics","Home Automation","Home Automation Kits",,,,,"50584","50582"
"94879","Consumer Electronics","Home Automation","Home Automation Modules",,,,,"94879","50582"
"14953","Consumer Electronics","Home Automation","Intercoms & Access Controls",,,,,"14953","50582"
"175724","Consumer Electronics","Home Automation","Other",,,,,"175724","50582"
"48633","Consumer Electronics","Home Surveillance",,,,,,"48633","293"
"48638","Consumer Electronics","Home Surveillance","Security Cameras",,,,,"48638","48633"
"48636","Consumer Electronics","Home Surveillance","Surveillance Security Systems",,,,,"48636","48633"
"88754","Consumer Electronics","Home Surveillance","Digital Video Recorders, Cards",,,,,"88754","48633"
"75395","Consumer Electronics","Home Surveillance","Dummy Cameras",,,,,"75395","48633"
"48635","Consumer Electronics","Home Surveillance","Surveillance Monitors/Displays",,,,,"48635","48633"
"75397","Consumer Electronics","Home Surveillance","Video Processors & Switchers",,,,,"75397","48633"
"48637","Consumer Electronics","Home Surveillance","Cables, Adapters & Connectors",,,,,"48637","48633"
"163825","Consumer Electronics","Home Surveillance","Surveillance Accessories",,,,,"163825","48633"
"175725","Consumer Electronics","Home Surveillance","Other",,,,,"175725","48633"
"3286","Consumer Electronics","Home Telephones & Accessories",,,,,,"3286","293"
"139968","Consumer Electronics","Home Telephones & Accessories","Answering Machines",,,,,"139968","3286"
"15048","Consumer Electronics","Home Telephones & Accessories","Caller ID Devices",,,,,"15048","3286"
"41373","Consumer Electronics","Home Telephones & Accessories","Corded Telephones",,,,,"41373","3286"
"33929","Consumer Electronics","Home Telephones & Accessories","Cordless Telephones & Handsets",,,,,"33929","3286"
"175739","Consumer Electronics","Home Telephones & Accessories","Corded/Cordless Phone Combos",,,,,"175739","3286"
"58353","Consumer Electronics","Home Telephones & Accessories","Cords, Jacks & Plugs",,,,,"58353","3286"
"20034","Consumer Electronics","Home Telephones & Accessories","Telephone Batteries",,,,,"20034","3286"
"84079","Consumer Electronics","Home Telephones & Accessories","Telephone Headsets",,,,,"84079","3286"
"9425","Consumer Electronics","Home Telephones & Accessories","Home Telephone Parts",,,,,"9425","3286"
"1503","Consumer Electronics","Home Telephones & Accessories","Other",,,,,"1503","3286"
"48446","Consumer Electronics","Multipurpose Batteries & Power",,,,,,"48446","293"
"48618","Consumer Electronics","Multipurpose Batteries & Power","Battery Chargers",,,,,"48618","48446"
"172011","Consumer Electronics","Multipurpose Batteries & Power","Battery Converters",,,,,"172011","48446"
"79845","Consumer Electronics","Multipurpose Batteries & Power","Battery Testers",,,,,"79845","48446"
"175729","Consumer Electronics","Multipurpose Batteries & Power","Heavy-Duty Voltage Converters",,,,,"175729","48446"
"88758","Consumer Electronics","Multipurpose Batteries & Power","Multipurpose AC to DC Adapters",,,,,"88758","48446"
"116852","Consumer Electronics","Multipurpose Batteries & Power","Power Cables & Connectors",,,,,"116852","48446"
"48619","Consumer Electronics","Multipurpose Batteries & Power","Rechargeable Batteries",,,,,"48619","48446"
"50602","Consumer Electronics","Multipurpose Batteries & Power","Single Use Batteries",,,,,"50602","48446"
"67779","Consumer Electronics","Multipurpose Batteries & Power","Surge Protectors, Power Strips",,,,,"67779","48446"
"88759","Consumer Electronics","Multipurpose Batteries & Power","Travel Adapters & Converters",,,,,"88759","48446"
"79846","Consumer Electronics","Multipurpose Batteries & Power","Other",,,,,"79846","48446"
"1500","Consumer Electronics","Radio Communication",,,,,,"1500","293"
"175730","Consumer Electronics","Radio Communication","Antennas",,,,,"175730","1500"
"48692","Consumer Electronics","Radio Communication","Antennas","CB Radio Antennas",,,,"48692","175730"
"4672","Consumer Electronics","Radio Communication","Antennas","Ham, Amateur Radio Antennas",,,,"4672","175730"
"175731","Consumer Electronics","Radio Communication","Antennas","Marine/Air Band Radio Antennas",,,,"175731","175730"
"175732","Consumer Electronics","Radio Communication","Antennas","Walkie Talkie/Two-Way Antennas",,,,"175732","175730"
"175733","Consumer Electronics","Radio Communication","Antennas","Other",,,,"175733","175730"
"40054","Consumer Electronics","Radio Communication","CB Radios",,,,,"40054","1500"
"4670","Consumer Electronics","Radio Communication","Ham, Amateur Radio",,,,,"4670","1500"
"163853","Consumer Electronics","Radio Communication","Ham, Amateur Radio","Ham Radio Amplifiers",,,,"163853","4670"
"4673","Consumer Electronics","Radio Communication","Ham, Amateur Radio","Ham Radio Receivers",,,,"4673","4670"
"40065","Consumer Electronics","Radio Communication","Ham, Amateur Radio","Ham Radio Transceivers",,,,"40065","4670"
"4675","Consumer Electronics","Radio Communication","Ham, Amateur Radio","Ham Radio Transmitters",,,,"4675","4670"
"96966","Consumer Electronics","Radio Communication","Ham, Amateur Radio","Other",,,,"96966","4670"
"149987","Consumer Electronics","Radio Communication","Marine & Aircraft Radios",,,,,"149987","1500"
"40979","Consumer Electronics","Radio Communication","Scanners",,,,,"40979","1500"
"20381","Consumer Electronics","Radio Communication","Walkie Talkies, Two-Way Radios",,,,,"20381","1500"
"175734","Consumer Electronics","Radio Communication","Parts & Accessories",,,,,"175734","1500"
"175735","Consumer Electronics","Radio Communication","Parts & Accessories","Baluns & Chokes",,,,"175735","175734"
"48703","Consumer Electronics","Radio Communication","Parts & Accessories","Batteries & Chargers",,,,"48703","175734"
"48704","Consumer Electronics","Radio Communication","Parts & Accessories","Coax. Cables & Connectors",,,,"48704","175734"
"48706","Consumer Electronics","Radio Communication","Parts & Accessories","Code Keyers & Keys",,,,"48706","175734"
"175736","Consumer Electronics","Radio Communication","Parts & Accessories","Filters",,,,"175736","175734"
"48705","Consumer Electronics","Radio Communication","Parts & Accessories","Headsets & Earpieces",,,,"48705","175734"
"15050","Consumer Electronics","Radio Communication","Parts & Accessories","Manuals & Magazines",,,,"15050","175734"
"48701","Consumer Electronics","Radio Communication","Parts & Accessories","Meters",,,,"48701","175734"
"48707","Consumer Electronics","Radio Communication","Parts & Accessories","Microphones",,,,"48707","175734"
"48694","Consumer Electronics","Radio Communication","Parts & Accessories","Mounts",,,,"48694","175734"
"175737","Consumer Electronics","Radio Communication","Parts & Accessories","Oscillators",,,,"175737","175734"
"48708","Consumer Electronics","Radio Communication","Parts & Accessories","Power Supplies",,,,"48708","175734"
"175738","Consumer Electronics","Radio Communication","Parts & Accessories","Radio & Scanner Crystals",,,,"175738","175734"
"48709","Consumer Electronics","Radio Communication","Parts & Accessories","Speakers",,,,"48709","175734"
"48710","Consumer Electronics","Radio Communication","Parts & Accessories","Tubes",,,,"48710","175734"
"48711","Consumer Electronics","Radio Communication","Parts & Accessories","Tuners",,,,"48711","175734"
"40059","Consumer Electronics","Radio Communication","Parts & Accessories","Other",,,,"40059","175734"
"296","Consumer Electronics","Radio Communication","Other",,,,,"296","1500"
"14948","Consumer Electronics","Gadgets & Other Electronics",,,,,,"14948","293"
"58037","Consumer Electronics","Gadgets & Other Electronics","Breathalyzers",,,,,"58037","14948"
"11711","Consumer Electronics","Gadgets & Other Electronics","Calculators",,,,,"11711","14948"
"94861","Consumer Electronics","Gadgets & Other Electronics","Dictionaries & Translators",,,,,"94861","14948"
"50608","Consumer Electronics","Gadgets & Other Electronics","Digital Clocks & Clock Radios",,,,,"50608","14948"
"14954","Consumer Electronics","Gadgets & Other Electronics","Laser Pointers",,,,,"14954","14948"
"73340","Consumer Electronics","Gadgets & Other Electronics","LED Light Key Chains",,,,,"73340","14948"
"14955","Consumer Electronics","Gadgets & Other Electronics","Metal Detectors",,,,,"14955","14948"
"163824","Consumer Electronics","Gadgets & Other Electronics","Metal Detector Accessories",,,,,"163824","14948"
"3314","Consumer Electronics","Gadgets & Other Electronics","Pagers",,,,,"3314","14948"
"38331","Consumer Electronics","Gadgets & Other Electronics","PDAs",,,,,"38331","14948"
"175744","Consumer Electronics","Gadgets & Other Electronics","PDA Accessories",,,,,"175744","14948"
"163827","Consumer Electronics","Gadgets & Other Electronics","Pocket Digital Scales",,,,,"163827","14948"
"178894","Consumer Electronics","Gadgets & Other Electronics","Smart Glasses",,,,,"178894","14948"
"175743","Consumer Electronics","Gadgets & Other Electronics","Surveillance Gadgets",,,,,"175743","14948"
"163826","Consumer Electronics","Gadgets & Other Electronics","Video Glasses",,,,,"163826","14948"
"62041","Consumer Electronics","Gadgets & Other Electronics","Voice Recorders, Dictaphones",,,,,"62041","14948"
"48623","Consumer Electronics","Gadgets & Other Electronics","Weather Meters",,,,,"48623","14948"
"175745","Consumer Electronics","Gadgets & Other Electronics","Other",,,,,"175745","14948"
"14998","Consumer Electronics","Vintage Electronics",,,,,,"14998","293"
"175740","Consumer Electronics","Vintage Electronics","Vintage Audio & Video",,,,,"175740","14998"
"14999","Consumer Electronics","Vintage Electronics","Vintage Audio & Video","8-Track Players",,,,"14999","175740"
"3317","Consumer Electronics","Vintage Electronics","Vintage Audio & Video","Laserdisc Players",,,,"3317","175740"
"116868","Consumer Electronics","Vintage Electronics","Vintage Audio & Video","Reel-to-Reel Tape Recorders",,,,"116868","175740"
"73368","Consumer Electronics","Vintage Electronics","Vintage Audio & Video","Vintage Amplifiers & Tube Amps",,,,"73368","175740"
"71574","Consumer Electronics","Vintage Electronics","Vintage Audio & Video","Vintage Cassette Decks",,,,"71574","175740"
"67807","Consumer Electronics","Vintage Electronics","Vintage Audio & Video","Vintage Preamps & Tube Preamps",,,,"67807","175740"
"50595","Consumer Electronics","Vintage Electronics","Vintage Audio & Video","Vintage Radios",,,,"50595","175740"
"48649","Consumer Electronics","Vintage Electronics","Vintage Audio & Video","Vintage Record Players",,,,"48649","175740"
"50597","Consumer Electronics","Vintage Electronics","Vintage Audio & Video","Vintage Speakers",,,,"50597","175740"
"50596","Consumer Electronics","Vintage Electronics","Vintage Audio & Video","Vintage Stereo Receivers",,,,"50596","175740"
"73374","Consumer Electronics","Vintage Electronics","Vintage Audio & Video","Vintage Televisions",,,,"73374","175740"
"73382","Consumer Electronics","Vintage Electronics","Vintage Audio & Video","Vintage Tuners & Tube Tuners",,,,"73382","175740"
"175741","Consumer Electronics","Vintage Electronics","Vintage Audio & Video","Vintage Parts & Accessories",,,,"175741","175740"
"163851","Consumer Electronics","Vintage Electronics","Vintage Audio & Video","Vintage Parts & Accessories","Vintage Blank Media",,,"163851","175741"
"71573","Consumer Electronics","Vintage Electronics","Vintage Audio & Video","Vintage Parts & Accessories","Vintage Capacitors",,,"71573","175741"
"39996","Consumer Electronics","Vintage Electronics","Vintage Audio & Video","Vintage Parts & Accessories","Vintage Manuals & Magazines",,,"39996","175741"
"73372","Consumer Electronics","Vintage Electronics","Vintage Audio & Video","Vintage Parts & Accessories","Vintage Speaker Drivers, Horns",,,"73372","175741"
"67815","Consumer Electronics","Vintage Electronics","Vintage Audio & Video","Vintage Parts & Accessories","Vintage Transformers",,,"67815","175741"
"64627","Consumer Electronics","Vintage Electronics","Vintage Audio & Video","Vintage Parts & Accessories","Vintage Tubes & Tubes Sockets",,,"64627","175741"
"168088","Consumer Electronics","Vintage Electronics","Vintage Audio & Video","Vintage Parts & Accessories","Other",,,"168088","175741"
"175742","Consumer Electronics","Vintage Electronics","Vintage Audio & Video","Other",,,,"175742","175740"
"58042","Consumer Electronics","Vintage Electronics","Vintage Calculators",,,,,"58042","14998"
"73373","Consumer Electronics","Vintage Electronics","Vintage Telephones",,,,,"73373","14998"
"3284","Consumer Electronics","Vintage Electronics","Other",,,,,"3284","14998"
"61494","Consumer Electronics","Wholesale Lots",,,,,,"61494","293"
"45096","Consumer Electronics","Wholesale Lots","Batteries & Power Accessories",,,,,"45096","61494"
"175746","Consumer Electronics","Wholesale Lots","Home Surveillance & Automation",,,,,"175746","61494"
"48748","Consumer Electronics","Wholesale Lots","Home Telephones",,,,,"48748","61494"
"61495","Consumer Electronics","Wholesale Lots","PDAs & Pocket PCs",,,,,"61495","61494"
"175747","Consumer Electronics","Wholesale Lots","Portable Audio & Headphones",,,,,"175747","61494"
"175748","Consumer Electronics","Wholesale Lots","Radio Communication",,,,,"175748","61494"
"51000","Consumer Electronics","Wholesale Lots","TV, Video & Home Audio",,,,,"51000","61494"
"58036","Consumer Electronics","Wholesale Lots","Vehicle Electronics & GPS",,,,,"58036","61494"
"51004","Consumer Electronics","Wholesale Lots","Other",,,,,"51004","61494"
