"14339","Crafts",,,,,,,"14339","14339"
"11783","Crafts","Art Supplies",,,,,,"11783","14339"
"160639","Crafts","Art Supplies","ACEO, Art Cards",,,,,"160639","11783"
"28111","Crafts","Art Supplies","Airbrushing",,,,,"28111","11783"
"75570","Crafts","Art Supplies","Altered Art & Collage",,,,,"75570","11783"
"160640","Crafts","Art Supplies","Books & Videos",,,,,"160640","11783"
"160925","Crafts","Art Supplies","Canvases, Pads & Paper",,,,,"160925","11783"
"48092","Crafts","Art Supplies","Canvases, Pads & Paper","Canvases",,,,"48092","160925"
"57208","Crafts","Art Supplies","Canvases, Pads & Paper","Pads & Sketchbooks",,,,"57208","160925"
"115058","Crafts","Art Supplies","Canvases, Pads & Paper","Paper & Boards",,,,"115058","160925"
"160926","Crafts","Art Supplies","Canvases, Pads & Paper","Other",,,,"160926","160925"
"28126","Crafts","Art Supplies","Decorative & Tole Painting",,,,,"28126","11783"
"41213","Crafts","Art Supplies","Decorative & Tole Painting","Paint Brushes",,,,"41213","28126"
"28127","Crafts","Art Supplies","Decorative & Tole Painting","Patterns & Instructions",,,,"28127","28126"
"28128","Crafts","Art Supplies","Decorative & Tole Painting","Ready to Paint Items",,,,"28128","28126"
"41214","Crafts","Art Supplies","Decorative & Tole Painting","Stencils",,,,"41214","28126"
"41215","Crafts","Art Supplies","Decorative & Tole Painting","Tole Decals & Transfers",,,,"41215","28126"
"1364","Crafts","Art Supplies","Decorative & Tole Painting","Other",,,,"1364","28126"
"162079","Crafts","Art Supplies","Drafting",,,,,"162079","11783"
"28106","Crafts","Art Supplies","Drawing",,,,,"28106","11783"
"41203","Crafts","Art Supplies","Drawing","Calligraphy Sets",,,,"41203","28106"
"28107","Crafts","Art Supplies","Drawing","Pastels",,,,"28107","28106"
"28108","Crafts","Art Supplies","Drawing","Pencils & Charcoal",,,,"28108","28106"
"28109","Crafts","Art Supplies","Drawing","Pens & Markers",,,,"28109","28106"
"11784","Crafts","Art Supplies","Drawing","Other",,,,"11784","28106"
"41204","Crafts","Art Supplies","Easels",,,,,"41204","11783"
"160641","Crafts","Art Supplies","Mediums, Varnishes & Fixatives",,,,,"160641","11783"
"10900","Crafts","Art Supplies","Paint by Number",,,,,"10900","11783"
"28110","Crafts","Art Supplies","Painting",,,,,"28110","11783"
"31401","Crafts","Art Supplies","Painting","Acrylic Paint",,,,"31401","28110"
"71179","Crafts","Art Supplies","Painting","Brushes, Palettes & Knives",,,,"71179","28110"
"134558","Crafts","Art Supplies","Painting","Gouache Paint",,,,"134558","28110"
"28112","Crafts","Art Supplies","Painting","Oil Paint",,,,"28112","28110"
"28113","Crafts","Art Supplies","Painting","Watercolor Paint",,,,"28113","28110"
"11785","Crafts","Art Supplies","Painting","Other",,,,"11785","28110"
"160642","Crafts","Art Supplies","Screen Printing",,,,,"160642","11783"
"160643","Crafts","Art Supplies","Sculpture",,,,,"160643","11783"
"16508","Crafts","Art Supplies","Other",,,,,"16508","11783"
"31723","Crafts","Beads & Jewelry Making",,,,,,"31723","14339"
"160644","Crafts","Beads & Jewelry Making","Beads, Pearls & Charms",,,,,"160644","31723"
"146290","Crafts","Beads & Jewelry Making","Beads, Pearls & Charms","Beads",,,,"146290","160644"
"134299","Crafts","Beads & Jewelry Making","Beads, Pearls & Charms","Charms",,,,"134299","160644"
"134294","Crafts","Beads & Jewelry Making","Beads, Pearls & Charms","Cultured & Freshwater Pearls",,,,"134294","160644"
"83891","Crafts","Beads & Jewelry Making","Beads, Pearls & Charms","Pendants",,,,"83891","160644"
"160645","Crafts","Beads & Jewelry Making","Beads, Pearls & Charms","Other",,,,"160645","160644"
"134292","Crafts","Beads & Jewelry Making","Books & Magazines",,,,,"134292","31723"
"150059","Crafts","Beads & Jewelry Making","Cord, Thread & Wire",,,,,"150059","31723"
"150046","Crafts","Beads & Jewelry Making","Jewelry Findings",,,,,"150046","31723"
"160678","Crafts","Beads & Jewelry Making","Jewelry Findings","Bead Caps",,,,"160678","150046"
"150069","Crafts","Beads & Jewelry Making","Jewelry Findings","Chains",,,,"150069","150046"
"150049","Crafts","Beads & Jewelry Making","Jewelry Findings","Clasps & Hooks",,,,"150049","150046"
"150052","Crafts","Beads & Jewelry Making","Jewelry Findings","Crimp & End Beads",,,,"150052","150046"
"150047","Crafts","Beads & Jewelry Making","Jewelry Findings","Connectors, Bails",,,,"150047","150046"
"150051","Crafts","Beads & Jewelry Making","Jewelry Findings","Earring Findings",,,,"150051","150046"
"150055","Crafts","Beads & Jewelry Making","Jewelry Findings","Jump Rings & Split Rings",,,,"150055","150046"
"150054","Crafts","Beads & Jewelry Making","Jewelry Findings","Pins & Needles",,,,"150054","150046"
"146301","Crafts","Beads & Jewelry Making","Jewelry Findings","Spacer Beads",,,,"146301","150046"
"150085","Crafts","Beads & Jewelry Making","Jewelry Findings","Other",,,,"150085","150046"
"162090","Crafts","Beads & Jewelry Making","Kits & Instructions",,,,,"162090","31723"
"162091","Crafts","Beads & Jewelry Making","Kits & Instructions","Beading Kits",,,,"162091","162090"
"162092","Crafts","Beads & Jewelry Making","Kits & Instructions","Beading Kits","Banners",,,"162092","162091"
"162093","Crafts","Beads & Jewelry Making","Kits & Instructions","Beading Kits","Ornaments",,,"162093","162091"
"162094","Crafts","Beads & Jewelry Making","Kits & Instructions","Beading Kits","Other",,,"162094","162091"
"162095","Crafts","Beads & Jewelry Making","Kits & Instructions","Instructions & Project Books",,,,"162095","162090"
"162096","Crafts","Beads & Jewelry Making","Kits & Instructions","Jewelry Making Kits",,,,"162096","162090"
"162097","Crafts","Beads & Jewelry Making","Kits & Instructions","Jewelry Making Kits","Bracelets",,,"162097","162096"
"162098","Crafts","Beads & Jewelry Making","Kits & Instructions","Jewelry Making Kits","Earrings",,,"162098","162096"
"162099","Crafts","Beads & Jewelry Making","Kits & Instructions","Jewelry Making Kits","Necklaces & Pendants",,,"162099","162096"
"162100","Crafts","Beads & Jewelry Making","Kits & Instructions","Jewelry Making Kits","Rings",,,"162100","162096"
"162101","Crafts","Beads & Jewelry Making","Kits & Instructions","Jewelry Making Kits","Mixed Jewelry Kits",,,"162101","162096"
"162102","Crafts","Beads & Jewelry Making","Kits & Instructions","Jewelry Making Kits","Other",,,"162102","162096"
"31724","Crafts","Beads & Jewelry Making","Kits & Instructions","Other",,,,"31724","162090"
"83893","Crafts","Beads & Jewelry Making","Storage & Display",,,,,"83893","31723"
"160679","Crafts","Beads & Jewelry Making","Tools, Boards & Trays",,,,,"160679","31723"
"134290","Crafts","Beads & Jewelry Making","Tools, Boards & Trays","Bead Boards & Trays",,,,"134290","160679"
"83892","Crafts","Beads & Jewelry Making","Tools, Boards & Trays","Bead Tools",,,,"83892","160679"
"134765","Crafts","Beads & Jewelry Making","Tools, Boards & Trays","Pliers",,,,"134765","160679"
"162089","Crafts","Beads & Jewelry Making","Tools, Boards & Trays","Tool Kits",,,,"162089","160679"
"160680","Crafts","Beads & Jewelry Making","Tools, Boards & Trays","Other",,,,"160680","160679"
"31726","Crafts","Beads & Jewelry Making","Other",,,,,"31726","31723"
"163778","Crafts","Glass & Mosaics",,,,,,"163778","14339"
"150134","Crafts","Glass & Mosaics","Beach Glass - Machine-Tumbled",,,,,"150134","163778"
"41221","Crafts","Glass & Mosaics","Beach Glass - Surf-Tumbled",,,,,"41221","163778"
"160646","Crafts","Glass & Mosaics","Glass & Mosaic Tiles",,,,,"160646","163778"
"3100","Crafts","Glass & Mosaics","Glass Art & Mosaic Supplies",,,,,"3100","163778"
"117402","Crafts","Glass & Mosaics","Glass Art & Mosaic Supplies","Books & Videos",,,,"117402","3100"
"163788","Crafts","Glass & Mosaics","Glass Art & Mosaic Supplies","Etching Supplies",,,,"163788","3100"
"163789","Crafts","Glass & Mosaics","Glass Art & Mosaic Supplies","Fusing Supplies",,,,"163789","3100"
"3101","Crafts","Glass & Mosaics","Glass Art & Mosaic Supplies","Glass Art Tools",,,,"3101","3100"
"116642","Crafts","Glass & Mosaics","Glass Art & Mosaic Supplies","Glass Blowing",,,,"116642","3100"
"116643","Crafts","Glass & Mosaics","Glass Art & Mosaic Supplies","Glass Cutters",,,,"116643","3100"
"116644","Crafts","Glass & Mosaics","Glass Art & Mosaic Supplies","Glass Grinding",,,,"116644","3100"
"117401","Crafts","Glass & Mosaics","Glass Art & Mosaic Supplies","Glass Kilns",,,,"117401","3100"
"116645","Crafts","Glass & Mosaics","Glass Art & Mosaic Supplies","Glass Paints",,,,"116645","3100"
"162080","Crafts","Glass & Mosaics","Glass Art & Mosaic Supplies","Grout, Glue & Substrates",,,,"162080","3100"
"71182","Crafts","Glass & Mosaics","Glass Art & Mosaic Supplies","Kits & Patterns",,,,"71182","3100"
"163787","Crafts","Glass & Mosaics","Glass Art & Mosaic Supplies","Mosaic Molds & Surfaces",,,,"163787","3100"
"41372","Crafts","Glass & Mosaics","Glass Art & Mosaic Supplies","Mosaic Tools",,,,"41372","3100"
"116648","Crafts","Glass & Mosaics","Glass Art & Mosaic Supplies","Soldering",,,,"116648","3100"
"4770","Crafts","Glass & Mosaics","Glass Art & Mosaic Supplies","Stained Glass Supplies",,,,"4770","3100"
"3099","Crafts","Glass & Mosaics","Glass Art & Mosaic Supplies","Other",,,,"3099","3100"
"71183","Crafts","Handcrafted & Finished Pieces",,,,,,"71183","14339"
"83889","Crafts","Handcrafted & Finished Pieces","Beaded Items",,,,,"83889","71183"
"146324","Crafts","Handcrafted & Finished Pieces","Greeting Cards & Gift Tags",,,,,"146324","71183"
"83905","Crafts","Handcrafted & Finished Pieces","Dolls & Toys",,,,,"83905","71183"
"160651","Crafts","Handcrafted & Finished Pieces","Holiday",,,,,"160651","71183"
"160656","Crafts","Handcrafted & Finished Pieces","Home Decor & Accents",,,,,"160656","71183"
"134306","Crafts","Handcrafted & Finished Pieces","Home Decor & Accents","Baskets",,,,"134306","160656"
"121831","Crafts","Handcrafted & Finished Pieces","Home Decor & Accents","Candles & Holders",,,,"121831","160656"
"83902","Crafts","Handcrafted & Finished Pieces","Home Decor & Accents","Pillows",,,,"83902","160656"
"168075","Crafts","Handcrafted & Finished Pieces","Home Decor & Accents","Table Decor",,,,"168075","160656"
"83904","Crafts","Handcrafted & Finished Pieces","Home Decor & Accents","Wall Hangings",,,,"83904","160656"
"108866","Crafts","Handcrafted & Finished Pieces","Home Decor & Accents","Wood Items",,,,"108866","160656"
"160657","Crafts","Handcrafted & Finished Pieces","Home Decor & Accents","Other",,,,"160657","160656"
"71186","Crafts","Handcrafted & Finished Pieces","Handpainted Items",,,,,"71186","71183"
"166721","Crafts","Handcrafted & Finished Pieces","Mosaic/Stained Glass/Glass Art",,,,,"166721","71183"
"160659","Crafts","Handcrafted & Finished Pieces","Needle Arts & Crafts",,,,,"160659","71183"
"71189","Crafts","Handcrafted & Finished Pieces","Needle Arts & Crafts","Cross Stitch",,,,"71189","160659"
"160660","Crafts","Handcrafted & Finished Pieces","Needle Arts & Crafts","Dishcloths & Potholders",,,,"160660","160659"
"134449","Crafts","Handcrafted & Finished Pieces","Needle Arts & Crafts","Granny Squares",,,,"134449","160659"
"83907","Crafts","Handcrafted & Finished Pieces","Needle Arts & Crafts","Hand Crocheted Doilies",,,,"83907","160659"
"157034","Crafts","Handcrafted & Finished Pieces","Needle Arts & Crafts","Hand Hooked Rugs",,,,"157034","160659"
"158460","Crafts","Handcrafted & Finished Pieces","Needle Arts & Crafts","Hardanger",,,,"158460","160659"
"157028","Crafts","Handcrafted & Finished Pieces","Needle Arts & Crafts","Latch Hooked Rugs",,,,"157028","160659"
"83946","Crafts","Handcrafted & Finished Pieces","Needle Arts & Crafts","Needlepoint",,,,"83946","160659"
"160661","Crafts","Handcrafted & Finished Pieces","Needle Arts & Crafts","Scarves, Hats & Accessories",,,,"160661","160659"
"160662","Crafts","Handcrafted & Finished Pieces","Needle Arts & Crafts","Socks & Slippers",,,,"160662","160659"
"160663","Crafts","Handcrafted & Finished Pieces","Needle Arts & Crafts","Tatting & Lace",,,,"160663","160659"
"160664","Crafts","Handcrafted & Finished Pieces","Needle Arts & Crafts","Wool & Needlefelted Items",,,,"160664","160659"
"160665","Crafts","Handcrafted & Finished Pieces","Needle Arts & Crafts","Woven, Rag & Braided Rugs",,,,"160665","160659"
"71184","Crafts","Handcrafted & Finished Pieces","Needle Arts & Crafts","Other",,,,"71184","160659"
"160666","Crafts","Handcrafted & Finished Pieces","Paper Crafts",,,,,"160666","71183"
"116649","Crafts","Handcrafted & Finished Pieces","Quilts",,,,,"116649","71183"
"57738","Crafts","Handcrafted & Finished Pieces","Other",,,,,"57738","71183"
"160667","Crafts","Home Arts & Crafts",,,,,,"160667","14339"
"134304","Crafts","Home Arts & Crafts","Basketry",,,,,"134304","160667"
"134305","Crafts","Home Arts & Crafts","Basketry","Basket Weaving",,,,"134305","134304"
"160668","Crafts","Home Arts & Crafts","Basketry","Chair Caning",,,,"160668","134304"
"3087","Crafts","Home Arts & Crafts","Basketry","Other",,,,"3087","134304"
"28114","Crafts","Home Arts & Crafts","Candles & Soap",,,,,"28114","160667"
"83895","Crafts","Home Arts & Crafts","Candles & Soap","Bags & Packaging",,,,"83895","28114"
"41205","Crafts","Home Arts & Crafts","Candles & Soap","Candle & Soapmaking Kits",,,,"41205","28114"
"41207","Crafts","Home Arts & Crafts","Candles & Soap","Candle Molds",,,,"41207","28114"
"134295","Crafts","Home Arts & Crafts","Candles & Soap","Candle Wax",,,,"134295","28114"
"28120","Crafts","Home Arts & Crafts","Candles & Soap","Candle Wicks",,,,"28120","28114"
"134300","Crafts","Home Arts & Crafts","Candles & Soap","Dyes",,,,"134300","28114"
"134301","Crafts","Home Arts & Crafts","Candles & Soap","Dyes","Dye Blocks",,,"134301","134300"
"134302","Crafts","Home Arts & Crafts","Candles & Soap","Dyes","Dye Chips",,,"134302","134300"
"134303","Crafts","Home Arts & Crafts","Candles & Soap","Dyes","Liquid Dyes",,,"134303","134300"
"30114","Crafts","Home Arts & Crafts","Candles & Soap","Dyes","Other",,,"30114","134300"
"28115","Crafts","Home Arts & Crafts","Candles & Soap","Embeds",,,,"28115","28114"
"48093","Crafts","Home Arts & Crafts","Candles & Soap","Herbs & Botanicals",,,,"48093","28114"
"41368","Crafts","Home Arts & Crafts","Candles & Soap","Jars & Holders",,,,"41368","28114"
"83896","Crafts","Home Arts & Crafts","Candles & Soap","Powders",,,,"83896","28114"
"146309","Crafts","Home Arts & Crafts","Candles & Soap","Recipes & Instruction",,,,"146309","28114"
"41268","Crafts","Home Arts & Crafts","Candles & Soap","Scents, Fragrances",,,,"41268","28114"
"41269","Crafts","Home Arts & Crafts","Candles & Soap","Scents, Fragrances","Essential Oils",,,"41269","41268"
"28117","Crafts","Home Arts & Crafts","Candles & Soap","Scents, Fragrances","Fragrance Oils",,,"28117","41268"
"28118","Crafts","Home Arts & Crafts","Candles & Soap","Soap Bases",,,,"28118","28114"
"48094","Crafts","Home Arts & Crafts","Candles & Soap","Soap Butters & Fixed Oils",,,,"48094","28114"
"28116","Crafts","Home Arts & Crafts","Candles & Soap","Soap Molds",,,,"28116","28114"
"160647","Crafts","Home Arts & Crafts","Candles & Soap","Tools & Warming Pots",,,,"160647","28114"
"3089","Crafts","Home Arts & Crafts","Candles & Soap","Other",,,,"3089","28114"
"28121","Crafts","Home Arts & Crafts","Ceramics & Pottery",,,,,"28121","160667"
"134448","Crafts","Home Arts & Crafts","Ceramics & Pottery","Books & Magazines",,,,"134448","28121"
"48095","Crafts","Home Arts & Crafts","Ceramics & Pottery","Ceramic Decals",,,,"48095","28121"
"83898","Crafts","Home Arts & Crafts","Ceramics & Pottery","Ceramic Molds & Kits",,,,"83898","28121"
"28122","Crafts","Home Arts & Crafts","Ceramics & Pottery","Clays, Glazes & Paints",,,,"28122","28121"
"41202","Crafts","Home Arts & Crafts","Ceramics & Pottery","Plaster",,,,"41202","28121"
"134445","Crafts","Home Arts & Crafts","Ceramics & Pottery","Polymer Clay",,,,"134445","28121"
"150133","Crafts","Home Arts & Crafts","Ceramics & Pottery","Polymer Clay","Clay Molds",,,"150133","134445"
"134447","Crafts","Home Arts & Crafts","Ceramics & Pottery","Polymer Clay","Clay Rollers & Machines",,,"134447","134445"
"134446","Crafts","Home Arts & Crafts","Ceramics & Pottery","Polymer Clay","Polymer Canes",,,"134446","134445"
"28104","Crafts","Home Arts & Crafts","Ceramics & Pottery","Polymer Clay","Other",,,"28104","134445"
"116495","Crafts","Home Arts & Crafts","Ceramics & Pottery","Pottery Kilns",,,,"116495","28121"
"116496","Crafts","Home Arts & Crafts","Ceramics & Pottery","Pottery Tools",,,,"116496","28121"
"28124","Crafts","Home Arts & Crafts","Ceramics & Pottery","Pottery Wheels",,,,"28124","28121"
"83899","Crafts","Home Arts & Crafts","Ceramics & Pottery","Ready-to-Paint Pottery",,,,"83899","28121"
"3090","Crafts","Home Arts & Crafts","Ceramics & Pottery","Other",,,,"3090","28121"
"16491","Crafts","Home Arts & Crafts","Floral Crafts",,,,,"16491","160667"
"160648","Crafts","Home Arts & Crafts","Floral Crafts","Dried Flowers & Plants",,,,"160648","16491"
"16493","Crafts","Home Arts & Crafts","Floral Crafts","Dried Flowers & Plants","Dried Flowers",,,"16493","160648"
"134565","Crafts","Home Arts & Crafts","Floral Crafts","Dried Flowers & Plants","Poppy Pods",,,"134565","160648"
"160649","Crafts","Home Arts & Crafts","Floral Crafts","Dried Flowers & Plants","Potpourri Ingredients",,,"160649","160648"
"160650","Crafts","Home Arts & Crafts","Floral Crafts","Dried Flowers & Plants","Other",,,"160650","160648"
"16496","Crafts","Home Arts & Crafts","Floral Crafts","Instruction",,,,"16496","16491"
"16494","Crafts","Home Arts & Crafts","Floral Crafts","Silk Flowers",,,,"16494","16491"
"28130","Crafts","Home Arts & Crafts","Floral Crafts","Swags & Garlands",,,,"28130","16491"
"16498","Crafts","Home Arts & Crafts","Floral Crafts","Wreaths",,,,"16498","16491"
"3097","Crafts","Home Arts & Crafts","Floral Crafts","Other",,,,"3097","16491"
"37573","Crafts","Home Arts & Crafts","Framing & Matting",,,,,"37573","160667"
"37575","Crafts","Home Arts & Crafts","Framing & Matting","Frames & Supplies",,,,"37575","37573"
"37576","Crafts","Home Arts & Crafts","Framing & Matting","Framing Mats",,,,"37576","37573"
"37574","Crafts","Home Arts & Crafts","Framing & Matting","Mat Cutting Tools & Supplies",,,,"37574","37573"
"11786","Crafts","Home Arts & Crafts","Framing & Matting","Other",,,,"11786","37573"
"28131","Crafts","Home Arts & Crafts","Leathercraft",,,,,"28131","160667"
"83938","Crafts","Home Arts & Crafts","Leathercraft","Leather Hides & Fur Pelts",,,,"83938","28131"
"28133","Crafts","Home Arts & Crafts","Leathercraft","Leather Tools & Treatments",,,,"28133","28131"
"75565","Crafts","Home Arts & Crafts","Leathercraft","Accessories",,,,"75565","28131"
"134571","Crafts","Home Arts & Crafts","Leathercraft","Accessories","Buckles",,,"134571","75565"
"48296","Crafts","Home Arts & Crafts","Leathercraft","Accessories","Conchos",,,"48296","75565"
"71187","Crafts","Home Arts & Crafts","Leathercraft","Accessories","Leather Lacing",,,"71187","75565"
"113341","Crafts","Home Arts & Crafts","Leathercraft","Accessories","Rings",,,"113341","75565"
"71188","Crafts","Home Arts & Crafts","Leathercraft","Accessories","Rivets & Tacks",,,"71188","75565"
"116676","Crafts","Home Arts & Crafts","Leathercraft","Accessories","Spots",,,"116676","75565"
"160670","Crafts","Home Arts & Crafts","Leathercraft","Accessories","Other",,,"160670","75565"
"146334","Crafts","Home Arts & Crafts","Leathercraft","Other",,,,"146334","28131"
"41369","Crafts","Home Arts & Crafts","Metalworking",,,,,"41369","160667"
"28147","Crafts","Home Arts & Crafts","Rug Making",,,,,"28147","160667"
"157027","Crafts","Home Arts & Crafts","Rug Making","Latch Hooking",,,,"157027","28147"
"116678","Crafts","Home Arts & Crafts","Rug Making","Latch Hooking","Latch Hooking Equipment",,,"116678","157027"
"28148","Crafts","Home Arts & Crafts","Rug Making","Latch Hooking","Latch Hooking Kits",,,"28148","157027"
"116677","Crafts","Home Arts & Crafts","Rug Making","Latch Hooking","Latch Hooking Patterns",,,"116677","157027"
"28149","Crafts","Home Arts & Crafts","Rug Making","Latch Hooking","Latch Yarn",,,"28149","157027"
"28150","Crafts","Home Arts & Crafts","Rug Making","Latch Hooking","Other",,,"28150","157027"
"157029","Crafts","Home Arts & Crafts","Rug Making","Primitive Hand Hooking",,,,"157029","28147"
"157032","Crafts","Home Arts & Crafts","Rug Making","Primitive Hand Hooking","Primitive Hooking Equipment",,,"157032","157029"
"157030","Crafts","Home Arts & Crafts","Rug Making","Primitive Hand Hooking","Primitive Hooking Kits",,,"157030","157029"
"157031","Crafts","Home Arts & Crafts","Rug Making","Primitive Hand Hooking","Primitive Hooking Patterns",,,"157031","157029"
"157033","Crafts","Home Arts & Crafts","Rug Making","Primitive Hand Hooking","Primitive Yarn",,,"157033","157029"
"157035","Crafts","Home Arts & Crafts","Rug Making","Primitive Hand Hooking","Other",,,"157035","157029"
"160671","Crafts","Home Arts & Crafts","Rug Making","Rug Braiding",,,,"160671","28147"
"160672","Crafts","Home Arts & Crafts","Rug Making","Other",,,,"160672","28147"
"36600","Crafts","Home Arts & Crafts","Spinning",,,,,"36600","160667"
"36601","Crafts","Home Arts & Crafts","Spinning","Roving, Wool & Fiber",,,,"36601","36600"
"36602","Crafts","Home Arts & Crafts","Spinning","Spindles",,,,"36602","36600"
"134624","Crafts","Home Arts & Crafts","Spinning","Spinning Wheels",,,,"134624","36600"
"3121","Crafts","Home Arts & Crafts","Spinning","Other",,,,"3121","36600"
"113355","Crafts","Home Arts & Crafts","Upholstery Tools & Equipment",,,,,"113355","160667"
"75575","Crafts","Home Arts & Crafts","Wall Decor & Tatouage",,,,,"75575","160667"
"57739","Crafts","Home Arts & Crafts","Weaving",,,,,"57739","160667"
"57740","Crafts","Home Arts & Crafts","Weaving","Weaving Books & Patterns",,,,"57740","57739"
"57741","Crafts","Home Arts & Crafts","Weaving","Weaving Looms",,,,"57741","57739"
"3125","Crafts","Home Arts & Crafts","Weaving","Other",,,,"3125","57739"
"3127","Crafts","Home Arts & Crafts","Woodworking",,,,,"3127","160667"
"3130","Crafts","Home Arts & Crafts","Woodworking","Books & Patterns",,,,"3130","3127"
"3129","Crafts","Home Arts & Crafts","Woodworking","Kits",,,,"3129","3127"
"84011","Crafts","Home Arts & Crafts","Woodworking","Lumber",,,,"84011","3127"
"160674","Crafts","Home Arts & Crafts","Woodworking","Woodcarving",,,,"160674","3127"
"160675","Crafts","Home Arts & Crafts","Woodworking","Woodcarving","Carving Wood, Roughouts, Kits",,,"160675","160674"
"160676","Crafts","Home Arts & Crafts","Woodworking","Woodcarving","Woodcarving Books & Patterns",,,"160676","160674"
"160677","Crafts","Home Arts & Crafts","Woodworking","Woodcarving","Woodcarving Tools",,,"160677","160674"
"3128","Crafts","Home Arts & Crafts","Woodworking","Woodcarving","Other",,,"3128","160674"
"71233","Crafts","Home Arts & Crafts","Woodworking","Woodturning",,,,"71233","3127"
"71234","Crafts","Home Arts & Crafts","Woodworking","Woodturning","Pen Blanks",,,"71234","71233"
"71235","Crafts","Home Arts & Crafts","Woodworking","Woodturning","Turning Wood",,,"71235","71233"
"160673","Crafts","Home Arts & Crafts","Woodworking","Woodturning","Woodturning Tools",,,"160673","71233"
"84012","Crafts","Home Arts & Crafts","Woodworking","Woodturning","Other",,,"84012","71233"
"3131","Crafts","Home Arts & Crafts","Woodworking","Supplies & Tools",,,,"3131","3127"
"3126","Crafts","Home Arts & Crafts","Woodworking","Other",,,,"3126","3127"
"160669","Crafts","Home Arts & Crafts","Other",,,,,"160669","160667"
"116652","Crafts","Kids' Crafts",,,,,,"116652","14339"
"134567","Crafts","Kids' Crafts","Bead Kits",,,,,"134567","116652"
"134568","Crafts","Kids' Crafts","Craft Books",,,,,"134568","116652"
"116655","Crafts","Kids' Crafts","Craft Kits",,,,,"116655","116652"
"160717","Crafts","Kids' Crafts","Drawing & Painting",,,,,"160717","116652"
"116653","Crafts","Kids' Crafts","Drawing & Painting","Crayons",,,,"116653","160717"
"134569","Crafts","Kids' Crafts","Drawing & Painting","Paint Sets",,,,"134569","160717"
"116656","Crafts","Kids' Crafts","Drawing & Painting","Pens & Markers",,,,"116656","160717"
"160718","Crafts","Kids' Crafts","Drawing & Painting","Other",,,,"160718","160717"
"116654","Crafts","Kids' Crafts","Foam & Felt Shapes",,,,,"116654","116652"
"160716","Crafts","Kids' Crafts","Holiday",,,,,"160716","116652"
"134570","Crafts","Kids' Crafts","Stickers",,,,,"134570","116652"
"116657","Crafts","Kids' Crafts","Sand Art",,,,,"116657","116652"
"28145","Crafts","Kids' Crafts","Other",,,,,"28145","116652"
"28102","Crafts","Multi-Purpose Craft Supplies",,,,,,"28102","14339"
"28103","Crafts","Multi-Purpose Craft Supplies","Adhesives & Glue Guns",,,,,"28103","28102"
"71176","Crafts","Multi-Purpose Craft Supplies","Badge/ Button Makers",,,,,"71176","28102"
"160704","Crafts","Multi-Purpose Craft Supplies","Craft Pieces",,,,,"160704","28102"
"116639","Crafts","Multi-Purpose Craft Supplies","Craft Pieces","Blown Eggs",,,,"116639","160704"
"116640","Crafts","Multi-Purpose Craft Supplies","Craft Pieces","Craft Bells",,,,"116640","160704"
"3120","Crafts","Multi-Purpose Craft Supplies","Craft Pieces","Craft Shells",,,,"3120","160704"
"41199","Crafts","Multi-Purpose Craft Supplies","Craft Pieces","Feathers",,,,"41199","160704"
"41201","Crafts","Multi-Purpose Craft Supplies","Craft Pieces","Gourds",,,,"41201","160704"
"117399","Crafts","Multi-Purpose Craft Supplies","Craft Pieces","Holiday Craft Pieces",,,,"117399","160704"
"103479","Crafts","Multi-Purpose Craft Supplies","Craft Pieces","Pine Cones",,,,"103479","160704"
"117400","Crafts","Multi-Purpose Craft Supplies","Craft Pieces","Tin & Metal Pieces",,,,"117400","160704"
"71177","Crafts","Multi-Purpose Craft Supplies","Craft Pieces","Wine Corks",,,,"71177","160704"
"71178","Crafts","Multi-Purpose Craft Supplies","Craft Pieces","Wooden Pieces",,,,"71178","160704"
"160705","Crafts","Multi-Purpose Craft Supplies","Craft Pieces","Other",,,,"160705","160704"
"57736","Crafts","Multi-Purpose Craft Supplies","Display & Storage",,,,,"57736","28102"
"41200","Crafts","Multi-Purpose Craft Supplies","Foam & Styrofoam",,,,,"41200","28102"
"83888","Crafts","Multi-Purpose Craft Supplies","Raffia, Wire & Cord",,,,,"83888","28102"
"162078","Crafts","Multi-Purpose Craft Supplies","Resin Craft Molds & Supplies",,,,,"162078","28102"
"71224","Crafts","Multi-Purpose Craft Supplies","Ribbon & Bows",,,,,"71224","28102"
"75564","Crafts","Multi-Purpose Craft Supplies","Other",,,,,"75564","28102"
"160706","Crafts","Needlecrafts & Yarn",,,,,,"160706","14339"
"3094","Crafts","Needlecrafts & Yarn","Crocheting & Knitting",,,,,"3094","160706"
"28140","Crafts","Needlecrafts & Yarn","Crocheting & Knitting","Crochet Hooks",,,,"28140","3094"
"108867","Crafts","Needlecrafts & Yarn","Crocheting & Knitting","Crochet Kits",,,,"108867","3094"
"83906","Crafts","Needlecrafts & Yarn","Crocheting & Knitting","Crochet Thread",,,,"83906","3094"
"113343","Crafts","Needlecrafts & Yarn","Crocheting & Knitting","Knitting Boards & Looms",,,,"113343","3094"
"108868","Crafts","Needlecrafts & Yarn","Crocheting & Knitting","Knitting Kits",,,,"108868","3094"
"71215","Crafts","Needlecrafts & Yarn","Crocheting & Knitting","Knitting Needles",,,,"71215","3094"
"71216","Crafts","Needlecrafts & Yarn","Crocheting & Knitting","Knitting Needles","Circular Needles",,,"71216","71215"
"71217","Crafts","Needlecrafts & Yarn","Crocheting & Knitting","Knitting Needles","Single & Double Point Needles",,,"71217","71215"
"11799","Crafts","Needlecrafts & Yarn","Crocheting & Knitting","Knitting Needles","Other",,,"11799","71215"
"146370","Crafts","Needlecrafts & Yarn","Crocheting & Knitting","Machine Knitting",,,,"146370","3094"
"28146","Crafts","Needlecrafts & Yarn","Crocheting & Knitting","Machine Knitting","Knitting Machines",,,"28146","146370"
"146375","Crafts","Needlecrafts & Yarn","Crocheting & Knitting","Machine Knitting","Machine Knitting Patterns",,,"146375","146370"
"146378","Crafts","Needlecrafts & Yarn","Crocheting & Knitting","Machine Knitting","Machine Knitting Yarn",,,"146378","146370"
"146376","Crafts","Needlecrafts & Yarn","Crocheting & Knitting","Machine Knitting","Machine Parts & Needles",,,"146376","146370"
"146377","Crafts","Needlecrafts & Yarn","Crocheting & Knitting","Machine Knitting","Other",,,"146377","146370"
"160708","Crafts","Needlecrafts & Yarn","Crocheting & Knitting","Notions and Tools",,,,"160708","3094"
"41228","Crafts","Needlecrafts & Yarn","Crocheting & Knitting","Patterns",,,,"41228","3094"
"11798","Crafts","Needlecrafts & Yarn","Crocheting & Knitting","Patterns","Adult Clothing",,,"11798","41228"
"11797","Crafts","Needlecrafts & Yarn","Crocheting & Knitting","Patterns","Afghans",,,"11797","41228"
"41229","Crafts","Needlecrafts & Yarn","Crocheting & Knitting","Patterns","Baby & Children",,,"41229","41228"
"41230","Crafts","Needlecrafts & Yarn","Crocheting & Knitting","Patterns","Doilies",,,"41230","41228"
"41231","Crafts","Needlecrafts & Yarn","Crocheting & Knitting","Patterns","Doll Clothing",,,"41231","41228"
"41232","Crafts","Needlecrafts & Yarn","Crocheting & Knitting","Patterns","Dolls & Toys",,,"41232","41228"
"160707","Crafts","Needlecrafts & Yarn","Crocheting & Knitting","Patterns","Holiday",,,"160707","41228"
"41233","Crafts","Needlecrafts & Yarn","Crocheting & Knitting","Patterns","Home Decor",,,"41233","41228"
"160726","Crafts","Needlecrafts & Yarn","Crocheting & Knitting","Patterns","Pets",,,"160726","41228"
"134450","Crafts","Needlecrafts & Yarn","Crocheting & Knitting","Patterns","Purses & Accessories",,,"134450","41228"
"41234","Crafts","Needlecrafts & Yarn","Crocheting & Knitting","Patterns","Mixed Patterns",,,"41234","41228"
"150135","Crafts","Needlecrafts & Yarn","Crocheting & Knitting","Patterns","Vintage",,,"150135","41228"
"3095","Crafts","Needlecrafts & Yarn","Crocheting & Knitting","Patterns","Other",,,"3095","41228"
"83927","Crafts","Needlecrafts & Yarn","Crocheting & Knitting","Totes & Cases",,,,"83927","3094"
"954","Crafts","Needlecrafts & Yarn","Crocheting & Knitting","Other",,,,"954","3094"
"3091","Crafts","Needlecrafts & Yarn","Cross Stitch & Hardanger",,,,,"3091","160706"
"31405","Crafts","Needlecrafts & Yarn","Cross Stitch & Hardanger","Cross Stitch Fabric",,,,"31405","3091"
"83908","Crafts","Needlecrafts & Yarn","Cross Stitch & Hardanger","Cross Stitch Magazines",,,,"83908","3091"
"41235","Crafts","Needlecrafts & Yarn","Cross Stitch & Hardanger","Floss",,,,"41235","3091"
"116497","Crafts","Needlecrafts & Yarn","Cross Stitch & Hardanger","Frames, Hoops & Accessories",,,,"116497","3091"
"158459","Crafts","Needlecrafts & Yarn","Cross Stitch & Hardanger","Hardanger",,,,"158459","3091"
"34017","Crafts","Needlecrafts & Yarn","Cross Stitch & Hardanger","Kits",,,,"34017","3091"
"34032","Crafts","Needlecrafts & Yarn","Cross Stitch & Hardanger","Patterns",,,,"34032","3091"
"953","Crafts","Needlecrafts & Yarn","Cross Stitch & Hardanger","Other",,,,"953","3091"
"28141","Crafts","Needlecrafts & Yarn","Embroidery",,,,,"28141","160706"
"116610","Crafts","Needlecrafts & Yarn","Embroidery","Crewel Embroidery Supplies",,,,"116610","28141"
"71196","Crafts","Needlecrafts & Yarn","Embroidery","Embroidery Machines",,,,"71196","28141"
"160720","Crafts","Needlecrafts & Yarn","Embroidery","Hand Embroidery Supplies",,,,"160720","28141"
"28142","Crafts","Needlecrafts & Yarn","Embroidery","Hand Embroidery Supplies","Embroidery Kits",,,"28142","160720"
"28144","Crafts","Needlecrafts & Yarn","Embroidery","Hand Embroidery Supplies","Embroidery Floss & Thread",,,"28144","160720"
"160721","Crafts","Needlecrafts & Yarn","Embroidery","Hand Embroidery Supplies","Hand Embroidery Hoops",,,"160721","160720"
"160722","Crafts","Needlecrafts & Yarn","Embroidery","Hand Embroidery Supplies","Hand Embroidery Needles, Tools",,,"160722","160720"
"28143","Crafts","Needlecrafts & Yarn","Embroidery","Hand Embroidery Supplies","Hand Embroidery Patterns",,,"28143","160720"
"75566","Crafts","Needlecrafts & Yarn","Embroidery","Hand Embroidery Supplies","Stamped Linens",,,"75566","160720"
"160723","Crafts","Needlecrafts & Yarn","Embroidery","Hand Embroidery Supplies","Other",,,"160723","160720"
"160724","Crafts","Needlecrafts & Yarn","Embroidery","Machine Embroidery Supplies",,,,"160724","28141"
"41383","Crafts","Needlecrafts & Yarn","Embroidery","Machine Embroidery Supplies","Design Cards & CDs",,,"41383","160724"
"71197","Crafts","Needlecrafts & Yarn","Embroidery","Machine Embroidery Supplies","Digitizing Software",,,"71197","160724"
"134586","Crafts","Needlecrafts & Yarn","Embroidery","Machine Embroidery Supplies","Embroidery Machine Needles",,,"134586","160724"
"83920","Crafts","Needlecrafts & Yarn","Embroidery","Machine Embroidery Supplies","Machine Bobbins & Thread",,,"83920","160724"
"41384","Crafts","Needlecrafts & Yarn","Embroidery","Machine Embroidery Supplies","Machine Embroidery Hoops",,,"41384","160724"
"146356","Crafts","Needlecrafts & Yarn","Embroidery","Machine Embroidery Supplies","Machine Embroidery Patterns",,,"146356","160724"
"41386","Crafts","Needlecrafts & Yarn","Embroidery","Machine Embroidery Supplies","Stabilizer",,,"41386","160724"
"160725","Crafts","Needlecrafts & Yarn","Embroidery","Machine Embroidery Supplies","Other",,,"160725","160724"
"160719","Crafts","Needlecrafts & Yarn","Embroidery","Punchneedle Supplies",,,,"160719","28141"
"41385","Crafts","Needlecrafts & Yarn","Embroidery","Ribbon Embroidery Supplies",,,,"41385","28141"
"75567","Crafts","Needlecrafts & Yarn","Embroidery","Other",,,,"75567","28141"
"28151","Crafts","Needlecrafts & Yarn","Macram√©",,,,,"28151","160706"
"3104","Crafts","Needlecrafts & Yarn","Needlepoint & Plastic Canvas",,,,,"3104","160706"
"3107","Crafts","Needlecrafts & Yarn","Needlepoint & Plastic Canvas","Needlepoint Canvas",,,,"3107","3104"
"3109","Crafts","Needlecrafts & Yarn","Needlepoint & Plastic Canvas","Needlepoint Kits",,,,"3109","3104"
"3108","Crafts","Needlecrafts & Yarn","Needlepoint & Plastic Canvas","Needlepoint Patterns",,,,"3108","3104"
"19159","Crafts","Needlecrafts & Yarn","Needlepoint & Plastic Canvas","Plastic Canvas",,,,"19159","3104"
"146383","Crafts","Needlecrafts & Yarn","Needlepoint & Plastic Canvas","Plastic Canvas Patterns",,,,"146383","3104"
"1363","Crafts","Needlecrafts & Yarn","Needlepoint & Plastic Canvas","Other",,,,"1363","3104"
"134590","Crafts","Needlecrafts & Yarn","Tatting & Lacemaking",,,,,"134590","160706"
"134591","Crafts","Needlecrafts & Yarn","Tatting & Lacemaking","Lacemaking Bobbins",,,,"134591","134590"
"134784","Crafts","Needlecrafts & Yarn","Tatting & Lacemaking","Lacemaking Shuttles",,,,"134784","134590"
"134592","Crafts","Needlecrafts & Yarn","Tatting & Lacemaking","Tatting Patterns",,,,"134592","134590"
"160749","Crafts","Needlecrafts & Yarn","Tatting & Lacemaking","Books & Instruction",,,,"160749","134590"
"19158","Crafts","Needlecrafts & Yarn","Tatting & Lacemaking","Other",,,,"19158","134590"
"36589","Crafts","Needlecrafts & Yarn","Yarn",,,,,"36589","160706"
"160715","Crafts","Needlecrafts & Yarn","Other",,,,,"160715","160706"
"11788","Crafts","Scrapbooking & Paper Crafts",,,,,,"11788","14339"
"31731","Crafts","Scrapbooking & Paper Crafts","Adhesives, Glue & Tape",,,,,"31731","11788"
"103482","Crafts","Scrapbooking & Paper Crafts","Books, Patterns & Instructions",,,,,"103482","11788"
"103481","Crafts","Scrapbooking & Paper Crafts","Digital Scrapbooking",,,,,"103481","11788"
"121833","Crafts","Scrapbooking & Paper Crafts","Embellishments",,,,,"121833","11788"
"103480","Crafts","Scrapbooking & Paper Crafts","Embellishments","Borders, Corners & Frames",,,,"103480","121833"
"160732","Crafts","Scrapbooking & Paper Crafts","Embellishments","Bottle Caps",,,,"160732","121833"
"31732","Crafts","Scrapbooking & Paper Crafts","Embellishments","Buttons & Flatbacks",,,,"31732","121833"
"71225","Crafts","Scrapbooking & Paper Crafts","Embellishments","Charms",,,,"71225","121833"
"160733","Crafts","Scrapbooking & Paper Crafts","Embellishments","Chipboard",,,,"160733","121833"
"75571","Crafts","Scrapbooking & Paper Crafts","Embellishments","Die-Cut Shapes & Punchies",,,,"75571","121833"
"28137","Crafts","Scrapbooking & Paper Crafts","Embellishments","Eyelets",,,,"28137","121833"
"160734","Crafts","Scrapbooking & Paper Crafts","Embellishments","Flowers",,,,"160734","121833"
"83990","Crafts","Scrapbooking & Paper Crafts","Embellishments","Grommets, Brads",,,,"83990","121833"
"31733","Crafts","Scrapbooking & Paper Crafts","Embellishments","Ribbons, Bows, Fibers, Wire",,,,"31733","121833"
"160735","Crafts","Scrapbooking & Paper Crafts","Embellishments","Rub-Ons",,,,"160735","121833"
"34002","Crafts","Scrapbooking & Paper Crafts","Embellishments","Stickers",,,,"34002","121833"
"31739","Crafts","Scrapbooking & Paper Crafts","Embellishments","Tags",,,,"31739","121833"
"160736","Crafts","Scrapbooking & Paper Crafts","Embellishments","Mixed Lots",,,,"160736","121833"
"146545","Crafts","Scrapbooking & Paper Crafts","Embellishments","Other",,,,"146545","121833"
"11790","Crafts","Scrapbooking & Paper Crafts","Markers & Pens",,,,,"11790","11788"
"146396","Crafts","Scrapbooking & Paper Crafts","Organizers & Carriers",,,,,"146396","11788"
"146397","Crafts","Scrapbooking & Paper Crafts","Organizers & Carriers","Accessory Binders",,,,"146397","146396"
"146398","Crafts","Scrapbooking & Paper Crafts","Organizers & Carriers","Paper Organizers",,,,"146398","146396"
"146399","Crafts","Scrapbooking & Paper Crafts","Organizers & Carriers","Photo Files",,,,"146399","146396"
"146400","Crafts","Scrapbooking & Paper Crafts","Organizers & Carriers","Scrapbook Hobby Carts",,,,"146400","146396"
"146401","Crafts","Scrapbooking & Paper Crafts","Organizers & Carriers","Scrapbooking Totes",,,,"146401","146396"
"146402","Crafts","Scrapbooking & Paper Crafts","Organizers & Carriers","Storage Racks",,,,"146402","146396"
"71229","Crafts","Scrapbooking & Paper Crafts","Organizers & Carriers","Other",,,,"71229","146396"
"134593","Crafts","Scrapbooking & Paper Crafts","Paper Crafts",,,,,"134593","11788"
"134594","Crafts","Scrapbooking & Paper Crafts","Paper Crafts","Card Making",,,,"134594","134593"
"134595","Crafts","Scrapbooking & Paper Crafts","Paper Crafts","Quilling",,,,"134595","134593"
"134596","Crafts","Scrapbooking & Paper Crafts","Paper Crafts","Origami",,,,"134596","134593"
"37578","Crafts","Scrapbooking & Paper Crafts","Paper Crafts","Other",,,,"37578","134593"
"11792","Crafts","Scrapbooking & Paper Crafts","Paper Piecing",,,,,"11792","11788"
"33875","Crafts","Scrapbooking & Paper Crafts","Scrapbooking Albums",,,,,"33875","11788"
"11789","Crafts","Scrapbooking & Paper Crafts","Scrapbooking Kits",,,,,"11789","11788"
"146403","Crafts","Scrapbooking & Paper Crafts","Scrapbooking Pages (Pre-made)",,,,,"146403","11788"
"11791","Crafts","Scrapbooking & Paper Crafts","Scrapbooking Paper & Pages",,,,,"11791","11788"
"83981","Crafts","Scrapbooking & Paper Crafts","Scrapbooking Tools",,,,,"83981","11788"
"16500","Crafts","Scrapbooking & Paper Crafts","Scrapbooking Tools","Blades, Cutters & Trimmers",,,,"16500","83981"
"113344","Crafts","Scrapbooking & Paper Crafts","Scrapbooking Tools","Die Cutting Machines & Dies",,,,"113344","83981"
"166722","Crafts","Scrapbooking & Paper Crafts","Scrapbooking Tools","Die Cutting Vinyl",,,,"166722","83981"
"134628","Crafts","Scrapbooking & Paper Crafts","Scrapbooking Tools","Embellishment Setters",,,,"134628","83981"
"11793","Crafts","Scrapbooking & Paper Crafts","Scrapbooking Tools","Paper Punches",,,,"11793","83981"
"83986","Crafts","Scrapbooking & Paper Crafts","Scrapbooking Tools","Scissors",,,,"83986","83981"
"83987","Crafts","Scrapbooking & Paper Crafts","Scrapbooking Tools","Scrapbook Cutting Sets",,,,"83987","83981"
"16503","Crafts","Scrapbooking & Paper Crafts","Scrapbooking Tools","Templates, Patterns & Stencils",,,,"16503","83981"
"103484","Crafts","Scrapbooking & Paper Crafts","Scrapbooking Tools","Other",,,,"103484","83981"
"75573","Crafts","Scrapbooking & Paper Crafts","Other",,,,,"75573","11788"
"160737","Crafts","Sewing & Fabric",,,,,,"160737","14339"
"28162","Crafts","Sewing & Fabric","Fabric",,,,,"28162","160737"
"3111","Crafts","Sewing & Fabric","Quilting",,,,,"3111","160737"
"116679","Crafts","Sewing & Fabric","Quilting","Quilt Batting",,,,"116679","3111"
"162081","Crafts","Sewing & Fabric","Quilting","Quilt Blocks",,,,"162081","3111"
"83959","Crafts","Sewing & Fabric","Quilting","Quilt Hangers & Stands",,,,"83959","3111"
"83957","Crafts","Sewing & Fabric","Quilting","Quilt Patterns",,,,"83957","3111"
"116680","Crafts","Sewing & Fabric","Quilting","Quilt Templates & Stencils",,,,"116680","3111"
"19162","Crafts","Sewing & Fabric","Quilting","Quilt Tops",,,,"19162","3111"
"3113","Crafts","Sewing & Fabric","Quilting","Quilting Books & Instruction",,,,"3113","3111"
"19160","Crafts","Sewing & Fabric","Quilting","Quilting Kits",,,,"19160","3111"
"83958","Crafts","Sewing & Fabric","Quilting","Quilting Thread",,,,"83958","3111"
"19161","Crafts","Sewing & Fabric","Quilting","Quilting Tools & Equipment",,,,"19161","3111"
"3110","Crafts","Sewing & Fabric","Quilting","Other",,,,"3110","3111"
"3116","Crafts","Sewing & Fabric","Sewing",,,,,"3116","160737"
"3118","Crafts","Sewing & Fabric","Sewing","Sewing Machines & Sergers",,,,"3118","3116"
"28169","Crafts","Sewing & Fabric","Sewing","Sewing Notions & Tools",,,,"28169","3116"
"146318","Crafts","Sewing & Fabric","Sewing","Sewing Notions & Tools","Appliques",,,"146318","28169"
"7320","Crafts","Sewing & Fabric","Sewing","Sewing Notions & Tools","Buttons",,,"7320","28169"
"134560","Crafts","Sewing & Fabric","Sewing","Sewing Notions & Tools","Fabric Paint & Markers",,,"134560","28169"
"31730","Crafts","Sewing & Fabric","Sewing","Sewing Notions & Tools","Fabric Transfers",,,"31730","28169"
"121828","Crafts","Sewing & Fabric","Sewing","Sewing Notions & Tools","Hot Fix, Iron On Tools & Studs",,,"121828","28169"
"113337","Crafts","Sewing & Fabric","Sewing","Sewing Notions & Tools","Patches",,,"113337","28169"
"146289","Crafts","Sewing & Fabric","Sewing","Sewing Notions & Tools","Purse Handles",,,"146289","28169"
"28171","Crafts","Sewing & Fabric","Sewing","Sewing Notions & Tools","Scissors & Shears",,,"28171","28169"
"71180","Crafts","Sewing & Fabric","Sewing","Sewing Notions & Tools","Sequins",,,"71180","28169"
"83965","Crafts","Sewing & Fabric","Sewing","Sewing Notions & Tools","Sewing Boxes & Storage",,,"83965","28169"
"28170","Crafts","Sewing & Fabric","Sewing","Sewing Notions & Tools","Sewing Needles & Pins",,,"28170","28169"
"134623","Crafts","Sewing & Fabric","Sewing","Sewing Notions & Tools","Sewing Pincushions",,,"134623","28169"
"28172","Crafts","Sewing & Fabric","Sewing","Sewing Notions & Tools","Thread",,,"28172","28169"
"86820","Crafts","Sewing & Fabric","Sewing","Sewing Notions & Tools","Trims",,,"86820","28169"
"28173","Crafts","Sewing & Fabric","Sewing","Sewing Notions & Tools","Zippers",,,"28173","28169"
"4836","Crafts","Sewing & Fabric","Sewing","Sewing Notions & Tools","Other",,,"4836","28169"
"28174","Crafts","Sewing & Fabric","Sewing","Sewing Patterns",,,,"28174","3116"
"31407","Crafts","Sewing & Fabric","Sewing","Sewing Patterns","Baby & Children's Clothing",,,"31407","28174"
"116690","Crafts","Sewing & Fabric","Sewing","Sewing Patterns","Costume Patterns",,,"116690","28174"
"160729","Crafts","Sewing & Fabric","Sewing","Sewing Patterns","Craft & Pet Patterns",,,"160729","28174"
"116691","Crafts","Sewing & Fabric","Sewing","Sewing Patterns","Doll, Barbie Clothing Patterns",,,"116691","28174"
"116693","Crafts","Sewing & Fabric","Sewing","Sewing Patterns","Holiday Patterns",,,"116693","28174"
"11802","Crafts","Sewing & Fabric","Sewing","Sewing Patterns","Home Decor Patterns",,,"11802","28174"
"31408","Crafts","Sewing & Fabric","Sewing","Sewing Patterns","Men's Clothing",,,"31408","28174"
"116694","Crafts","Sewing & Fabric","Sewing","Sewing Patterns","Purse & Accessory Patterns",,,"116694","28174"
"11801","Crafts","Sewing & Fabric","Sewing","Sewing Patterns","Women's Clothing",,,"11801","28174"
"160730","Crafts","Sewing & Fabric","Sewing","Sewing Patterns","Mixed Lots",,,"160730","28174"
"3119","Crafts","Sewing & Fabric","Sewing","Sewing Patterns","Other",,,"3119","28174"
"41242","Crafts","Sewing & Fabric","Sewing","Sewing Machine Accessories",,,,"41242","3116"
"41243","Crafts","Sewing & Fabric","Sewing","Sewing Machine Accessories","Bobbins",,,"41243","41242"
"41245","Crafts","Sewing & Fabric","Sewing","Sewing Machine Accessories","Feet",,,"41245","41242"
"134615","Crafts","Sewing & Fabric","Sewing","Sewing Machine Accessories","Memory Cards",,,"134615","41242"
"41244","Crafts","Sewing & Fabric","Sewing","Sewing Machine Accessories","Sewing CDs",,,"41244","41242"
"41246","Crafts","Sewing & Fabric","Sewing","Sewing Machine Accessories","Sewing Manuals & Instruction",,,"41246","41242"
"41247","Crafts","Sewing & Fabric","Sewing","Sewing Machine Accessories","Sewing Machine Needles",,,"41247","41242"
"41248","Crafts","Sewing & Fabric","Sewing","Sewing Machine Accessories","Machine Parts & Attachments",,,"41248","41242"
"28168","Crafts","Sewing & Fabric","Sewing","Sewing Machine Accessories","Other",,,"28168","41242"
"3115","Crafts","Sewing & Fabric","Sewing","Other",,,,"3115","3116"
"160738","Crafts","Sewing & Fabric","Other",,,,,"160738","160737"
"3122","Crafts","Stamping & Embossing",,,,,,"3122","14339"
"84008","Crafts","Stamping & Embossing","Embossing Powders",,,,,"84008","3122"
"84009","Crafts","Stamping & Embossing","Embossing Stencils",,,,,"84009","3122"
"116689","Crafts","Stamping & Embossing","Idea Books & Instructions",,,,,"116689","3122"
"11795","Crafts","Stamping & Embossing","Ink & Pads",,,,,"11795","3122"
"16506","Crafts","Stamping & Embossing","Kits",,,,,"16506","3122"
"3123","Crafts","Stamping & Embossing","Paper & Envelopes",,,,,"3123","3122"
"31740","Crafts","Stamping & Embossing","Stamps",,,,,"31740","3122"
"41267","Crafts","Stamping & Embossing","Stamp Collections & Mixed Lots",,,,,"41267","3122"
"134783","Crafts","Stamping & Embossing","Stamp Handles & Mounts",,,,,"134783","3122"
"16507","Crafts","Stamping & Embossing","Tools & Equipment",,,,,"16507","3122"
"905","Crafts","Stamping & Embossing","Other",,,,,"905","3122"
"75576","Crafts","Other Crafts",,,,,,"75576","14339"
"45074","Crafts","Wholesale Lots",,,,,,"45074","14339"
"31742","Crafts","Wholesale Lots","All-Purpose Craft Supplies",,,,,"31742","45074"
"146405","Crafts","Wholesale Lots","Bead Art",,,,,"146405","45074"
"48753","Crafts","Wholesale Lots","Candle & Soap Making",,,,,"48753","45074"
"160750","Crafts","Wholesale Lots","Fabric",,,,,"160750","45074"
"48754","Crafts","Wholesale Lots","Fabric Embellishment",,,,,"48754","45074"
"48755","Crafts","Wholesale Lots","Floral Supplies",,,,,"48755","45074"
"45075","Crafts","Wholesale Lots","Needlecraft",,,,,"45075","45074"
"168077","Crafts","Wholesale Lots","Ribbons & Bows",,,,,"168077","45074"
"48756","Crafts","Wholesale Lots","Scrapbooking",,,,,"48756","45074"
"45076","Crafts","Wholesale Lots","Stamping & Stickers",,,,,"45076","45074"
"168078","Crafts","Wholesale Lots","Thread, Floss",,,,,"168078","45074"
"45077","Crafts","Wholesale Lots","Other",,,,,"45077","45074"
