"237","Dolls & Bears",,,,,,,"237","237"
"50253","Dolls & Bears","Bear Making Supplies",,,,,,"50253","237"
"386","Dolls & Bears","Bears",,,,,,"386","237"
"160824","Dolls & Bears","Bears","Miniatures",,,,,"160824","386"
"31","Dolls & Bears","Bears","Antique",,,,,"31","386"
"3902","Dolls & Bears","Bears","Artist",,,,,"3902","386"
"3904","Dolls & Bears","Bears","Artist","One of a Kind",,,,"3904","3902"
"3903","Dolls & Bears","Bears","Artist","Manufactured",,,,"3903","3902"
"389","Dolls & Bears","Bears","Artist","Other",,,,"389","3902"
"95217","Dolls & Bears","Bears","Annette Funicello",,,,,"95217","386"
"95218","Dolls & Bears","Bears","Avon",,,,,"95218","386"
"53573","Dolls & Bears","Bears","Bad Taste Bears",,,,,"53573","386"
"95219","Dolls & Bears","Bears","Bearfoots",,,,,"95219","386"
"95220","Dolls & Bears","Bears","Bearington",,,,,"95220","386"
"1347","Dolls & Bears","Bears","Boyds",,,,,"1347","386"
"158447","Dolls & Bears","Bears","Brass Button",,,,,"158447","386"
"95222","Dolls & Bears","Bears","Build-a-Bear",,,,,"95222","386"
"47225","Dolls & Bears","Bears","Care Bears",,,,,"47225","386"
"160825","Dolls & Bears","Bears","Chantilly Lane",,,,,"160825","386"
"3906","Dolls & Bears","Bears","Cherished Teddies",,,,,"3906","386"
"95223","Dolls & Bears","Bears","Dayton Hudson",,,,,"95223","386"
"95224","Dolls & Bears","Bears","Deans",,,,,"95224","386"
"95225","Dolls & Bears","Bears","Deb Canham",,,,,"95225","386"
"36540","Dolls & Bears","Bears","Ganz",,,,,"36540","386"
"15975","Dolls & Bears","Bears","Gund",,,,,"15975","386"
"95226","Dolls & Bears","Bears","Hallmark",,,,,"95226","386"
"95227","Dolls & Bears","Bears","Harrods",,,,,"95227","386"
"27257","Dolls & Bears","Bears","Hermann",,,,,"27257","386"
"1540","Dolls & Bears","Bears","Merrythought",,,,,"1540","386"
"392","Dolls & Bears","Bears","Muffy, NABCO",,,,,"392","386"
"36542","Dolls & Bears","Bears","Paddington",,,,,"36542","386"
"779","Dolls & Bears","Bears","Raikes",,,,,"779","386"
"36543","Dolls & Bears","Bears","Russ",,,,,"36543","386"
"95228","Dolls & Bears","Bears","Schuco",,,,,"95228","386"
"3910","Dolls & Bears","Bears","Steiff",,,,,"3910","386"
"36544","Dolls & Bears","Bears","Teddy Ruxpin",,,,,"36544","386"
"74983","Dolls & Bears","Bears","Vermont Teddy Bear Co.",,,,,"74983","386"
"101375","Dolls & Bears","Bears","Winnie the Pooh",,,,,"101375","386"
"387","Dolls & Bears","Bears","Accessories",,,,,"387","386"
"170085","Dolls & Bears","Bears","Collectors' Guides & Books",,,,,"170085","386"
"117","Dolls & Bears","Bears","Other",,,,,"117","386"
"238","Dolls & Bears","Dolls",,,,,,"238","237"
"326","Dolls & Bears","Dolls","Antique (Pre-1930)",,,,,"326","238"
"4626","Dolls & Bears","Dolls","Antique (Pre-1930)","Reproduction",,,,"4626","326"
"84621","Dolls & Bears","Dolls","Antique (Pre-1930)","Bisque",,,,"84621","326"
"84622","Dolls & Bears","Dolls","Antique (Pre-1930)","Bisque","German",,,"84622","84621"
"84623","Dolls & Bears","Dolls","Antique (Pre-1930)","Bisque","French",,,"84623","84621"
"340","Dolls & Bears","Dolls","Antique (Pre-1930)","Bisque","Other",,,"340","84621"
"4622","Dolls & Bears","Dolls","Antique (Pre-1930)","Celluloid",,,,"4622","326"
"4624","Dolls & Bears","Dolls","Antique (Pre-1930)","China",,,,"4624","326"
"4623","Dolls & Bears","Dolls","Antique (Pre-1930)","Cloth",,,,"4623","326"
"341","Dolls & Bears","Dolls","Antique (Pre-1930)","Composition",,,,"341","326"
"4625","Dolls & Bears","Dolls","Antique (Pre-1930)","Papier-Mache",,,,"4625","326"
"149387","Dolls & Bears","Dolls","Antique (Pre-1930)","Tin & Metal",,,,"149387","326"
"4628","Dolls & Bears","Dolls","Antique (Pre-1930)","Wood",,,,"4628","326"
"32","Dolls & Bears","Dolls","Antique (Pre-1930)","Other",,,,"32","326"
"166700","Dolls & Bears","Dolls","Art Dolls-Manufactured",,,,,"166700","238"
"2404","Dolls & Bears","Dolls","Art Dolls-OOAK",,,,,"2404","238"
"84625","Dolls & Bears","Dolls","Art Dolls-OOAK","Babies",,,,"84625","2404"
"84627","Dolls & Bears","Dolls","Art Dolls-OOAK","Characters",,,,"84627","2404"
"84626","Dolls & Bears","Dolls","Art Dolls-OOAK","Fantasy",,,,"84626","2404"
"158448","Dolls & Bears","Dolls","Art Dolls-OOAK","Gothic & Horror",,,,"158448","2404"
"158449","Dolls & Bears","Dolls","Art Dolls-OOAK","OOAK Artist Supplies",,,,"158449","2404"
"158450","Dolls & Bears","Dolls","Art Dolls-OOAK","OOAK Doll Clothing",,,,"158450","2404"
"327","Dolls & Bears","Dolls","Art Dolls-OOAK","Other",,,,"327","2404"
"160840","Dolls & Bears","Dolls","Baby Dolls",,,,,"160840","238"
"15965","Dolls & Bears","Dolls","Barbie Vintage (Pre-1973)",,,,,"15965","238"
"250","Dolls & Bears","Dolls","Barbie Vintage (Pre-1973)","Vintage (Pre-1967)",,,,"250","15965"
"160841","Dolls & Bears","Dolls","Barbie Vintage (Pre-1973)","Mod Era (1967-1973)",,,,"160841","15965"
"15966","Dolls & Bears","Dolls","Barbie Vintage (Pre-1973)","Cases",,,,"15966","15965"
"2453","Dolls & Bears","Dolls","Barbie Vintage (Pre-1973)","Clothing & Accessories",,,,"2453","15965"
"2454","Dolls & Bears","Dolls","Barbie Vintage (Pre-1973)","Clothing & Accessories","Clothing",,,"2454","2453"
"2455","Dolls & Bears","Dolls","Barbie Vintage (Pre-1973)","Clothing & Accessories","Shoes",,,"2455","2453"
"36536","Dolls & Bears","Dolls","Barbie Vintage (Pre-1973)","Clothing & Accessories","Mixed Lots",,,"36536","2453"
"251","Dolls & Bears","Dolls","Barbie Vintage (Pre-1973)","Clothing & Accessories","Other",,,"251","2453"
"15969","Dolls & Bears","Dolls","Barbie Vintage (Pre-1973)","Friends & Family",,,,"15969","15965"
"15970","Dolls & Bears","Dolls","Barbie Vintage (Pre-1973)","Friends & Family","Francie, Casey & Twiggy",,,"15970","15969"
"15971","Dolls & Bears","Dolls","Barbie Vintage (Pre-1973)","Friends & Family","Ken & Same-Size Friends",,,"15971","15969"
"15972","Dolls & Bears","Dolls","Barbie Vintage (Pre-1973)","Friends & Family","Midge & Same-Size Friends",,,"15972","15969"
"15973","Dolls & Bears","Dolls","Barbie Vintage (Pre-1973)","Friends & Family","Skipper & Same-Size Friends",,,"15973","15969"
"48953","Dolls & Bears","Dolls","Barbie Vintage (Pre-1973)","Friends & Family","Tutti, Todd & Chris",,,"48953","15969"
"2452","Dolls & Bears","Dolls","Barbie Vintage (Pre-1973)","Friends & Family","Other",,,"2452","15969"
"15967","Dolls & Bears","Dolls","Barbie Vintage (Pre-1973)","Structures & Furniture",,,,"15967","15965"
"15968","Dolls & Bears","Dolls","Barbie Vintage (Pre-1973)","Vehicles",,,,"15968","15965"
"158451","Dolls & Bears","Dolls","Barbie Vintage (Pre-1973)","Vintage Reproductions",,,,"158451","15965"
"48954","Dolls & Bears","Dolls","Barbie Vintage (Pre-1973)","Mixed Lots",,,,"48954","15965"
"15974","Dolls & Bears","Dolls","Barbie Vintage (Pre-1973)","Other",,,,"15974","15965"
"15949","Dolls & Bears","Dolls","Barbie Contemporary (1973-Now)",,,,,"15949","238"
"15950","Dolls & Bears","Dolls","Barbie Contemporary (1973-Now)","Barbie Dolls",,,,"15950","15949"
"48912","Dolls & Bears","Dolls","Barbie Contemporary (1973-Now)","Barbie Dolls","Anniversary Dolls",,,"48912","15950"
"48913","Dolls & Bears","Dolls","Barbie Contemporary (1973-Now)","Barbie Dolls","Artist Dolls - OOAK & Nudes",,,"48913","15950"
"84628","Dolls & Bears","Dolls","Barbie Contemporary (1973-Now)","Barbie Dolls","Artist Dolls - OOAK & Nudes","OOAK",,"84628","48913"
"15954","Dolls & Bears","Dolls","Barbie Contemporary (1973-Now)","Barbie Dolls","Artist Dolls - OOAK & Nudes","Nude Dolls",,"15954","48913"
"48914","Dolls & Bears","Dolls","Barbie Contemporary (1973-Now)","Barbie Dolls","Artist Dolls - OOAK & Nudes","Supplies",,"48914","48913"
"48915","Dolls & Bears","Dolls","Barbie Contemporary (1973-Now)","Barbie Dolls","Athlete Barbie",,,"48915","15950"
"48916","Dolls & Bears","Dolls","Barbie Contemporary (1973-Now)","Barbie Dolls","Bridal Barbie",,,"48916","15950"
"48917","Dolls & Bears","Dolls","Barbie Contemporary (1973-Now)","Barbie Dolls","Career Barbie",,,"48917","15950"
"15952","Dolls & Bears","Dolls","Barbie Contemporary (1973-Now)","Barbie Dolls","Designer Editions, Bob Mackie",,,"15952","15950"
"48932","Dolls & Bears","Dolls","Barbie Contemporary (1973-Now)","Barbie Dolls","Dolls of the World",,,"48932","15950"
"48933","Dolls & Bears","Dolls","Barbie Contemporary (1973-Now)","Barbie Dolls","Fairytale Barbie",,,"48933","15950"
"48922","Dolls & Bears","Dolls","Barbie Contemporary (1973-Now)","Barbie Dolls","Fairytale Barbie","Cinderella",,"48922","48933"
"36529","Dolls & Bears","Dolls","Barbie Contemporary (1973-Now)","Barbie Dolls","Fairytale Barbie","Disney",,"36529","48933"
"160826","Dolls & Bears","Dolls","Barbie Contemporary (1973-Now)","Barbie Dolls","Fairytale Barbie","Fairytopia",,"160826","48933"
"160827","Dolls & Bears","Dolls","Barbie Contemporary (1973-Now)","Barbie Dolls","Fairytale Barbie","Island Princess",,"160827","48933"
"38260","Dolls & Bears","Dolls","Barbie Contemporary (1973-Now)","Barbie Dolls","Fairytale Barbie","Nutcracker",,"38260","48933"
"36534","Dolls & Bears","Dolls","Barbie Contemporary (1973-Now)","Barbie Dolls","Fairytale Barbie","Rapunzel",,"36534","48933"
"52332","Dolls & Bears","Dolls","Barbie Contemporary (1973-Now)","Barbie Dolls","Fairytale Barbie","Swan Lake",,"52332","48933"
"36535","Dolls & Bears","Dolls","Barbie Contemporary (1973-Now)","Barbie Dolls","Fairytale Barbie","Wizard of Oz",,"36535","48933"
"48934","Dolls & Bears","Dolls","Barbie Contemporary (1973-Now)","Barbie Dolls","Fairytale Barbie","Other",,"48934","48933"
"160828","Dolls & Bears","Dolls","Barbie Contemporary (1973-Now)","Barbie Dolls","Flowers in Fashion",,,"160828","15950"
"48935","Dolls & Bears","Dolls","Barbie Contemporary (1973-Now)","Barbie Dolls","Happy Birthday Barbie",,,"48935","15950"
"48936","Dolls & Bears","Dolls","Barbie Contemporary (1973-Now)","Barbie Dolls","Holiday Barbie",,,"48936","15950"
"160829","Dolls & Bears","Dolls","Barbie Contemporary (1973-Now)","Barbie Dolls","Holiday Barbie","Happy Holidays",,"160829","48936"
"38258","Dolls & Bears","Dolls","Barbie Contemporary (1973-Now)","Barbie Dolls","Holiday Barbie","Holiday Angel",,"38258","48936"
"38259","Dolls & Bears","Dolls","Barbie Contemporary (1973-Now)","Barbie Dolls","Holiday Barbie","Holiday Celebration",,"38259","48936"
"48938","Dolls & Bears","Dolls","Barbie Contemporary (1973-Now)","Barbie Dolls","Holiday Barbie","Other",,"48938","48936"
"48918","Dolls & Bears","Dolls","Barbie Contemporary (1973-Now)","Barbie Dolls","Hollywood Barbie & Friends",,,"48918","15950"
"160830","Dolls & Bears","Dolls","Barbie Contemporary (1973-Now)","Barbie Dolls","Hollywood Barbie & Friends","Breakfast at Tiffany's",,"160830","48918"
"36530","Dolls & Bears","Dolls","Barbie Contemporary (1973-Now)","Barbie Dolls","Hollywood Barbie & Friends","Gone with the Wind",,"36530","48918"
"160831","Dolls & Bears","Dolls","Barbie Contemporary (1973-Now)","Barbie Dolls","Hollywood Barbie & Friends","Grease",,"160831","48918"
"36532","Dolls & Bears","Dolls","Barbie Contemporary (1973-Now)","Barbie Dolls","Hollywood Barbie & Friends","I Love Lucy",,"36532","48918"
"48919","Dolls & Bears","Dolls","Barbie Contemporary (1973-Now)","Barbie Dolls","Hollywood Barbie & Friends","Marilyn Monroe",,"48919","48918"
"160832","Dolls & Bears","Dolls","Barbie Contemporary (1973-Now)","Barbie Dolls","Hollywood Barbie & Friends","My Fair Lady",,"160832","48918"
"145878","Dolls & Bears","Dolls","Barbie Contemporary (1973-Now)","Barbie Dolls","Hollywood Barbie & Friends","Other",,"145878","48918"
"160833","Dolls & Bears","Dolls","Barbie Contemporary (1973-Now)","Barbie Dolls","Model Muse",,,"160833","15950"
"48923","Dolls & Bears","Dolls","Barbie Contemporary (1973-Now)","Barbie Dolls","My Scene Dolls",,,"48923","15950"
"48924","Dolls & Bears","Dolls","Barbie Contemporary (1973-Now)","Barbie Dolls","My Size Barbie",,,"48924","15950"
"48925","Dolls & Bears","Dolls","Barbie Contemporary (1973-Now)","Barbie Dolls","Pop Culture Barbie",,,"48925","15950"
"145879","Dolls & Bears","Dolls","Barbie Contemporary (1973-Now)","Barbie Dolls","Pop Culture Barbie","Avon",,"145879","48925"
"160834","Dolls & Bears","Dolls","Barbie Contemporary (1973-Now)","Barbie Dolls","Pop Culture Barbie","Cheerleader",,"160834","48925"
"36528","Dolls & Bears","Dolls","Barbie Contemporary (1973-Now)","Barbie Dolls","Pop Culture Barbie","Coca-Cola",,"36528","48925"
"160835","Dolls & Bears","Dolls","Barbie Contemporary (1973-Now)","Barbie Dolls","Pop Culture Barbie","Hard Rock Café",,"160835","48925"
"36531","Dolls & Bears","Dolls","Barbie Contemporary (1973-Now)","Barbie Dolls","Pop Culture Barbie","Harley-Davidson",,"36531","48925"
"160836","Dolls & Bears","Dolls","Barbie Contemporary (1973-Now)","Barbie Dolls","Pop Culture Barbie","Hello Kitty",,"160836","48925"
"36533","Dolls & Bears","Dolls","Barbie Contemporary (1973-Now)","Barbie Dolls","Pop Culture Barbie","NASCAR",,"36533","48925"
"48926","Dolls & Bears","Dolls","Barbie Contemporary (1973-Now)","Barbie Dolls","Pop Culture Barbie","Other",,"48926","48925"
"48927","Dolls & Bears","Dolls","Barbie Contemporary (1973-Now)","Barbie Dolls","Porcelain Barbie",,,"48927","15950"
"48928","Dolls & Bears","Dolls","Barbie Contemporary (1973-Now)","Barbie Dolls","Silkstone, Fashion Models",,,"48928","15950"
"48929","Dolls & Bears","Dolls","Barbie Contemporary (1973-Now)","Barbie Dolls","Sun & Beach Barbie",,,"48929","15950"
"48930","Dolls & Bears","Dolls","Barbie Contemporary (1973-Now)","Barbie Dolls","Western Barbie",,,"48930","15950"
"48931","Dolls & Bears","Dolls","Barbie Contemporary (1973-Now)","Barbie Dolls","Gift Sets",,,"48931","15950"
"15956","Dolls & Bears","Dolls","Barbie Contemporary (1973-Now)","Barbie Dolls","Store Exclusives",,,"15956","15950"
"48939","Dolls & Bears","Dolls","Barbie Contemporary (1973-Now)","Barbie Dolls","Mixed Lots",,,"48939","15950"
"15953","Dolls & Bears","Dolls","Barbie Contemporary (1973-Now)","Barbie Dolls","Other",,,"15953","15950"
"160837","Dolls & Bears","Dolls","Barbie Contemporary (1973-Now)","Barbie Reproductions",,,,"160837","15949"
"15948","Dolls & Bears","Dolls","Barbie Contemporary (1973-Now)","Books & Magazines",,,,"15948","15949"
"15957","Dolls & Bears","Dolls","Barbie Contemporary (1973-Now)","Clothing & Accessories",,,,"15957","15949"
"48940","Dolls & Bears","Dolls","Barbie Contemporary (1973-Now)","Clothing & Accessories","Accessories",,,"48940","15957"
"48941","Dolls & Bears","Dolls","Barbie Contemporary (1973-Now)","Clothing & Accessories","Clothing",,,"48941","15957"
"84629","Dolls & Bears","Dolls","Barbie Contemporary (1973-Now)","Clothing & Accessories","Clothing","Custom, Handmade",,"84629","48941"
"48942","Dolls & Bears","Dolls","Barbie Contemporary (1973-Now)","Clothing & Accessories","Clothing","Fashion Avenue",,"48942","48941"
"48943","Dolls & Bears","Dolls","Barbie Contemporary (1973-Now)","Clothing & Accessories","Clothing","My Size",,"48943","48941"
"48944","Dolls & Bears","Dolls","Barbie Contemporary (1973-Now)","Clothing & Accessories","Clothing","Silkstone",,"48944","48941"
"15958","Dolls & Bears","Dolls","Barbie Contemporary (1973-Now)","Clothing & Accessories","Clothing","Other",,"15958","48941"
"48945","Dolls & Bears","Dolls","Barbie Contemporary (1973-Now)","Clothing & Accessories","Shoes",,,"48945","15957"
"160838","Dolls & Bears","Dolls","Barbie Contemporary (1973-Now)","Clothing & Accessories","Reproductions",,,"160838","15957"
"249","Dolls & Bears","Dolls","Barbie Contemporary (1973-Now)","Clothing & Accessories","Other",,,"249","15957"
"2451","Dolls & Bears","Dolls","Barbie Contemporary (1973-Now)","Friends & Family",,,,"2451","15949"
"15961","Dolls & Bears","Dolls","Barbie Contemporary (1973-Now)","Friends & Family","Kelly & Same-Size Friends",,,"15961","2451"
"15962","Dolls & Bears","Dolls","Barbie Contemporary (1973-Now)","Friends & Family","Ken & Same-Size Friends",,,"15962","2451"
"48946","Dolls & Bears","Dolls","Barbie Contemporary (1973-Now)","Friends & Family","Midge & Same-Size Friends",,,"48946","2451"
"15963","Dolls & Bears","Dolls","Barbie Contemporary (1973-Now)","Friends & Family","Skipper & Same-Size Friends",,,"15963","2451"
"15964","Dolls & Bears","Dolls","Barbie Contemporary (1973-Now)","Friends & Family","Tommy & Same-Size Friends",,,"15964","2451"
"2450","Dolls & Bears","Dolls","Barbie Contemporary (1973-Now)","Friends & Family","Other",,,"2450","2451"
"49222","Dolls & Bears","Dolls","Barbie Contemporary (1973-Now)","Licensed Merchandise, Non-Doll",,,,"49222","15949"
"48947","Dolls & Bears","Dolls","Barbie Contemporary (1973-Now)","Pets & Animals",,,,"48947","15949"
"15959","Dolls & Bears","Dolls","Barbie Contemporary (1973-Now)","Structures & Furniture",,,,"15959","15949"
"15960","Dolls & Bears","Dolls","Barbie Contemporary (1973-Now)","Vehicles",,,,"15960","15949"
"48948","Dolls & Bears","Dolls","Barbie Contemporary (1973-Now)","Mixed Lots",,,,"48948","15949"
"248","Dolls & Bears","Dolls","Barbie Contemporary (1973-Now)","Other",,,,"248","15949"
"15987","Dolls & Bears","Dolls","By Brand, Company, Character",,,,,"15987","238"
"2401","Dolls & Bears","Dolls","By Brand, Company, Character","American Character",,,,"2401","15987"
"4620","Dolls & Bears","Dolls","By Brand, Company, Character","American Character","Betsy McCall",,,"4620","2401"
"2402","Dolls & Bears","Dolls","By Brand, Company, Character","American Character","Sweet Sue",,,"2402","2401"
"15988","Dolls & Bears","Dolls","By Brand, Company, Character","American Character","Tiny Tears",,,"15988","2401"
"160842","Dolls & Bears","Dolls","By Brand, Company, Character","American Character","Tressy",,,"160842","2401"
"2400","Dolls & Bears","Dolls","By Brand, Company, Character","American Character","Other",,,"2400","2401"
"95230","Dolls & Bears","Dolls","By Brand, Company, Character","American Girl",,,,"95230","15987"
"95231","Dolls & Bears","Dolls","By Brand, Company, Character","American Girl","Addy",,,"95231","95230"
"95232","Dolls & Bears","Dolls","By Brand, Company, Character","American Girl","Angelina Ballerina",,,"95232","95230"
"95233","Dolls & Bears","Dolls","By Brand, Company, Character","American Girl","Bitty Baby",,,"95233","95230"
"168082","Dolls & Bears","Dolls","By Brand, Company, Character","American Girl","Bitty Twins",,,"168082","95230"
"95234","Dolls & Bears","Dolls","By Brand, Company, Character","American Girl","Felicity & Elizabeth",,,"95234","95230"
"95235","Dolls & Bears","Dolls","By Brand, Company, Character","American Girl","Josefina",,,"95235","95230"
"160843","Dolls & Bears","Dolls","By Brand, Company, Character","American Girl","Julie & Ivy",,,"160843","95230"
"160844","Dolls & Bears","Dolls","By Brand, Company, Character","American Girl","Kaya",,,"160844","95230"
"95237","Dolls & Bears","Dolls","By Brand, Company, Character","American Girl","Kirsten",,,"95237","95230"
"95236","Dolls & Bears","Dolls","By Brand, Company, Character","American Girl","Kit & Ruthie",,,"95236","95230"
"95238","Dolls & Bears","Dolls","By Brand, Company, Character","American Girl","Molly & Emily",,,"95238","95230"
"95239","Dolls & Bears","Dolls","By Brand, Company, Character","American Girl","Nellie",,,"95239","95230"
"95240","Dolls & Bears","Dolls","By Brand, Company, Character","American Girl","Samantha",,,"95240","95230"
"145880","Dolls & Bears","Dolls","By Brand, Company, Character","American Girl","Today",,,"145880","95230"
"160846","Dolls & Bears","Dolls","By Brand, Company, Character","American Girl","Furniture",,,"160846","95230"
"160845","Dolls & Bears","Dolls","By Brand, Company, Character","American Girl","Accessories",,,"160845","95230"
"15989","Dolls & Bears","Dolls","By Brand, Company, Character","American Girl","Other",,,"15989","95230"
"2407","Dolls & Bears","Dolls","By Brand, Company, Character","Annalee",,,,"2407","15987"
"63640","Dolls & Bears","Dolls","By Brand, Company, Character","Anne Geddes",,,,"63640","15987"
"15981","Dolls & Bears","Dolls","By Brand, Company, Character","Annette Himstedt",,,,"15981","15987"
"4629","Dolls & Bears","Dolls","By Brand, Company, Character","Arranbee (R&B)",,,,"4629","15987"
"84630","Dolls & Bears","Dolls","By Brand, Company, Character","Ashton Drake",,,,"84630","15987"
"1033","Dolls & Bears","Dolls","By Brand, Company, Character","Ashton Drake","Gene",,,"1033","84630"
"160847","Dolls & Bears","Dolls","By Brand, Company, Character","Ashton Drake","So Truly Real",,,"160847","84630"
"15990","Dolls & Bears","Dolls","By Brand, Company, Character","Ashton Drake","Other",,,"15990","84630"
"160848","Dolls & Bears","Dolls","By Brand, Company, Character","Baby Face",,,,"160848","15987"
"160849","Dolls & Bears","Dolls","By Brand, Company, Character","Battat",,,,"160849","15987"
"84631","Dolls & Bears","Dolls","By Brand, Company, Character","Berenguer, Berjusa",,,,"84631","15987"
"84632","Dolls & Bears","Dolls","By Brand, Company, Character","Berenguer, Berjusa","Dolls",,,"84632","84631"
"84633","Dolls & Bears","Dolls","By Brand, Company, Character","Berenguer, Berjusa","Reborn Dolls",,,"84633","84631"
"48955","Dolls & Bears","Dolls","By Brand, Company, Character","Berenguer, Berjusa","Other",,,"48955","84631"
"36551","Dolls & Bears","Dolls","By Brand, Company, Character","Betty Boop",,,,"36551","15987"
"36546","Dolls & Bears","Dolls","By Brand, Company, Character","Blythe",,,,"36546","15987"
"36547","Dolls & Bears","Dolls","By Brand, Company, Character","Bratz",,,,"36547","15987"
"20392","Dolls & Bears","Dolls","By Brand, Company, Character","Cabbage Patch",,,,"20392","15987"
"20393","Dolls & Bears","Dolls","By Brand, Company, Character","Cabbage Patch","Vintage (Pre-1990)",,,"20393","20392"
"243","Dolls & Bears","Dolls","By Brand, Company, Character","Cabbage Patch","Modern (1990-Now)",,,"243","20392"
"95242","Dolls & Bears","Dolls","By Brand, Company, Character","Cameo",,,,"95242","15987"
"95241","Dolls & Bears","Dolls","By Brand, Company, Character","Danbury Mint",,,,"95241","15987"
"2421","Dolls & Bears","Dolls","By Brand, Company, Character","Dawn",,,,"2421","15987"
"168083","Dolls & Bears","Dolls","By Brand, Company, Character","Disney",,,,"168083","15987"
"160850","Dolls & Bears","Dolls","By Brand, Company, Character","Dollfie & BJDs",,,,"160850","15987"
"160852","Dolls & Bears","Dolls","By Brand, Company, Character","Dollfie & BJDs","Full Size, SD",,,"160852","160850"
"84635","Dolls & Bears","Dolls","By Brand, Company, Character","Dollfie & BJDs","Mini, MSD",,,"84635","160850"
"168084","Dolls & Bears","Dolls","By Brand, Company, Character","Dollfie & BJDs","Tiny & Anthro",,,"168084","160850"
"160851","Dolls & Bears","Dolls","By Brand, Company, Character","Dollfie & BJDs","Other",,,"160851","160850"
"95243","Dolls & Bears","Dolls","By Brand, Company, Character","Eegee",,,,"95243","15987"
"2417","Dolls & Bears","Dolls","By Brand, Company, Character","Effanbee",,,,"2417","15987"
"2419","Dolls & Bears","Dolls","By Brand, Company, Character","Effanbee","Vintage",,,"2419","2417"
"2416","Dolls & Bears","Dolls","By Brand, Company, Character","Effanbee","Modern",,,"2416","2417"
"2418","Dolls & Bears","Dolls","By Brand, Company, Character","Effanbee","Reproductions",,,"2418","2417"
"330","Dolls & Bears","Dolls","By Brand, Company, Character","Effanbee","Other",,,"330","2417"
"95244","Dolls & Bears","Dolls","By Brand, Company, Character","Fisher Price",,,,"95244","15987"
"15982","Dolls & Bears","Dolls","By Brand, Company, Character","Franklin Mint",,,,"15982","15987"
"95245","Dolls & Bears","Dolls","By Brand, Company, Character","Gerber",,,,"95245","15987"
"160854","Dolls & Bears","Dolls","By Brand, Company, Character","Ginger",,,,"160854","15987"
"74984","Dolls & Bears","Dolls","By Brand, Company, Character","Gotz",,,,"74984","15987"
"45346","Dolls & Bears","Dolls","By Brand, Company, Character","Groovy Girls",,,,"45346","15987"
"15991","Dolls & Bears","Dolls","By Brand, Company, Character","Hasbro",,,,"15991","15987"
"1034","Dolls & Bears","Dolls","By Brand, Company, Character","Holly Hobbie",,,,"1034","15987"
"2390","Dolls & Bears","Dolls","By Brand, Company, Character","Horsman",,,,"2390","15987"
"2424","Dolls & Bears","Dolls","By Brand, Company, Character","Ideal",,,,"2424","15987"
"160855","Dolls & Bears","Dolls","By Brand, Company, Character","Ideal","Betsy Wetsy",,,"160855","2424"
"2430","Dolls & Bears","Dolls","By Brand, Company, Character","Ideal","Crissy Family",,,"2430","2424"
"2428","Dolls & Bears","Dolls","By Brand, Company, Character","Ideal","Playpals",,,"2428","2424"
"2429","Dolls & Bears","Dolls","By Brand, Company, Character","Ideal","Revlon",,,"2429","2424"
"160856","Dolls & Bears","Dolls","By Brand, Company, Character","Ideal","Saucy Walker",,,"160856","2424"
"2426","Dolls & Bears","Dolls","By Brand, Company, Character","Ideal","Shirley Temple",,,"2426","2424"
"11693","Dolls & Bears","Dolls","By Brand, Company, Character","Ideal","Tammy Family",,,"11693","2424"
"15992","Dolls & Bears","Dolls","By Brand, Company, Character","Ideal","Thumbelina",,,"15992","2424"
"2425","Dolls & Bears","Dolls","By Brand, Company, Character","Ideal","Toni",,,"2425","2424"
"334","Dolls & Bears","Dolls","By Brand, Company, Character","Ideal","Other",,,"334","2424"
"84636","Dolls & Bears","Dolls","By Brand, Company, Character","Integrity, Fashion Royalty",,,,"84636","15987"
"2422","Dolls & Bears","Dolls","By Brand, Company, Character","Jem",,,,"2422","15987"
"158452","Dolls & Bears","Dolls","By Brand, Company, Character","Kathe Kruse",,,,"158452","15987"
"95246","Dolls & Bears","Dolls","By Brand, Company, Character","Kenner",,,,"95246","15987"
"88745","Dolls & Bears","Dolls","By Brand, Company, Character","Kish",,,,"88745","15987"
"2431","Dolls & Bears","Dolls","By Brand, Company, Character","Madame Alexander",,,,"2431","15987"
"15996","Dolls & Bears","Dolls","By Brand, Company, Character","Madame Alexander","Vintage (Pre-1973)",,,"15996","2431"
"15998","Dolls & Bears","Dolls","By Brand, Company, Character","Madame Alexander","Vintage (Pre-1973)","Pre-1948",,"15998","15996"
"2433","Dolls & Bears","Dolls","By Brand, Company, Character","Madame Alexander","Vintage (Pre-1973)","1948-59",,"2433","15996"
"15997","Dolls & Bears","Dolls","By Brand, Company, Character","Madame Alexander","Vintage (Pre-1973)","1960-72",,"15997","15996"
"15993","Dolls & Bears","Dolls","By Brand, Company, Character","Madame Alexander","Modern (1970-Now)",,,"15993","2431"
"166701","Dolls & Bears","Dolls","By Brand, Company, Character","Madame Alexander","Modern (1970-Now)","4-5 Inches (McDonald's)",,"166701","15993"
"2432","Dolls & Bears","Dolls","By Brand, Company, Character","Madame Alexander","Modern (1970-Now)","6-8 Inches",,"2432","15993"
"15994","Dolls & Bears","Dolls","By Brand, Company, Character","Madame Alexander","Modern (1970-Now)","9-12 Inches",,"15994","15993"
"15995","Dolls & Bears","Dolls","By Brand, Company, Character","Madame Alexander","Modern (1970-Now)","Over 12 Inches",,"15995","15993"
"2437","Dolls & Bears","Dolls","By Brand, Company, Character","Madeline",,,,"2437","15987"
"160857","Dolls & Bears","Dolls","By Brand, Company, Character","Magic Attic Club",,,,"160857","15987"
"15983","Dolls & Bears","Dolls","By Brand, Company, Character","Marie Osmond",,,,"15983","15987"
"2434","Dolls & Bears","Dolls","By Brand, Company, Character","Mattel",,,,"2434","15987"
"2435","Dolls & Bears","Dolls","By Brand, Company, Character","Mattel","Chatty Cathy",,,"2435","2434"
"95247","Dolls & Bears","Dolls","By Brand, Company, Character","Mattel","Corolle",,,"95247","2434"
"168085","Dolls & Bears","Dolls","By Brand, Company, Character","Mattel","Drowsy",,,"168085","2434"
"2436","Dolls & Bears","Dolls","By Brand, Company, Character","Mattel","Kiddles",,,"2436","2434"
"160858","Dolls & Bears","Dolls","By Brand, Company, Character","Mattel","My Child",,,"160858","2434"
"16461","Dolls & Bears","Dolls","By Brand, Company, Character","Mattel","Polly Pocket",,,"16461","2434"
"160859","Dolls & Bears","Dolls","By Brand, Company, Character","Mattel","Sunshine Family",,,"160859","2434"
"335","Dolls & Bears","Dolls","By Brand, Company, Character","Mattel","Other",,,"335","2434"
"15984","Dolls & Bears","Dolls","By Brand, Company, Character","Middleton",,,,"15984","15987"
"158453","Dolls & Bears","Dolls","By Brand, Company, Character","Momoko",,,,"158453","15987"
"52333","Dolls & Bears","Dolls","By Brand, Company, Character","Mrs. Beasley",,,,"52333","15987"
"158454","Dolls & Bears","Dolls","By Brand, Company, Character","My Twinn",,,,"158454","15987"
"4637","Dolls & Bears","Dolls","By Brand, Company, Character","Nancy Ann",,,,"4637","15987"
"4638","Dolls & Bears","Dolls","By Brand, Company, Character","Nancy Ann","Muffie",,,"4638","4637"
"4639","Dolls & Bears","Dolls","By Brand, Company, Character","Nancy Ann","Storybook",,,"4639","4637"
"337","Dolls & Bears","Dolls","By Brand, Company, Character","Nancy Ann","Other",,,"337","4637"
"95248","Dolls & Bears","Dolls","By Brand, Company, Character","Only Hearts Club",,,,"95248","15987"
"166702","Dolls & Bears","Dolls","By Brand, Company, Character","Paradise Galleries",,,,"166702","15987"
"15985","Dolls & Bears","Dolls","By Brand, Company, Character","Pauline",,,,"15985","15987"
"168086","Dolls & Bears","Dolls","By Brand, Company, Character","Playmates",,,,"168086","15987"
"36545","Dolls & Bears","Dolls","By Brand, Company, Character","Precious Moments",,,,"36545","15987"
"45442","Dolls & Bears","Dolls","By Brand, Company, Character","Raggedy Ann & Andy",,,,"45442","15987"
"241","Dolls & Bears","Dolls","By Brand, Company, Character","Raggedy Ann & Andy","Vintage (Pre-1970)",,,"241","45442"
"45443","Dolls & Bears","Dolls","By Brand, Company, Character","Raggedy Ann & Andy","Contemporary (1970-Now)",,,"45443","45442"
"84637","Dolls & Bears","Dolls","By Brand, Company, Character","Rainbow Brite",,,,"84637","15987"
"84638","Dolls & Bears","Dolls","By Brand, Company, Character","Rainbow Brite","Vintage",,,"84638","84637"
"1204","Dolls & Bears","Dolls","By Brand, Company, Character","Rainbow Brite","Contemporary",,,"1204","84637"
"95249","Dolls & Bears","Dolls","By Brand, Company, Character","Remco",,,,"95249","15987"
"2438","Dolls & Bears","Dolls","By Brand, Company, Character","Sailor Moon",,,,"2438","15987"
"15986","Dolls & Bears","Dolls","By Brand, Company, Character","Sasha",,,,"15986","15987"
"50258","Dolls & Bears","Dolls","By Brand, Company, Character","Seymour Mann",,,,"50258","15987"
"166703","Dolls & Bears","Dolls","By Brand, Company, Character","Show Stoppers",,,,"166703","15987"
"48956","Dolls & Bears","Dolls","By Brand, Company, Character","Sindy",,,,"48956","15987"
"84639","Dolls & Bears","Dolls","By Brand, Company, Character","Strawberry Shortcake",,,,"84639","15987"
"84640","Dolls & Bears","Dolls","By Brand, Company, Character","Strawberry Shortcake","Vintage",,,"84640","84639"
"242","Dolls & Bears","Dolls","By Brand, Company, Character","Strawberry Shortcake","Contemporary",,,"242","84639"
"160860","Dolls & Bears","Dolls","By Brand, Company, Character","Sybarites",,,,"160860","15987"
"2423","Dolls & Bears","Dolls","By Brand, Company, Character","Takara",,,,"2423","15987"
"2397","Dolls & Bears","Dolls","By Brand, Company, Character","Terri Lee",,,,"2397","15987"
"84641","Dolls & Bears","Dolls","By Brand, Company, Character","Tonner",,,,"84641","15987"
"78168","Dolls & Bears","Dolls","By Brand, Company, Character","Tonner","Ann Estelle Collection",,,"78168","84641"
"78169","Dolls & Bears","Dolls","By Brand, Company, Character","Tonner","Betsy McCall Collection",,,"78169","84641"
"78170","Dolls & Bears","Dolls","By Brand, Company, Character","Tonner","Brenda Starr",,,"78170","84641"
"160861","Dolls & Bears","Dolls","By Brand, Company, Character","Tonner","Ellowyne Wilde",,,"160861","84641"
"160862","Dolls & Bears","Dolls","By Brand, Company, Character","Tonner","Kitty Collier Collection",,,"160862","84641"
"78172","Dolls & Bears","Dolls","By Brand, Company, Character","Tonner","Kitty Collier Collection","18"" Kitty Collier Collection",,"78172","160862"
"95251","Dolls & Bears","Dolls","By Brand, Company, Character","Tonner","Kitty Collier Collection","10"" Tiny Kitty Collection",,"95251","160862"
"160936","Dolls & Bears","Dolls","By Brand, Company, Character","Tonner","Kitty Collier Collection","Other",,"160936","160862"
"160863","Dolls & Bears","Dolls","By Brand, Company, Character","Tonner","Tyler Wentworth Collection",,,"160863","84641"
"78174","Dolls & Bears","Dolls","By Brand, Company, Character","Tonner","Tyler Wentworth Collection","Sydney Chase",,"78174","160863"
"78175","Dolls & Bears","Dolls","By Brand, Company, Character","Tonner","Tyler Wentworth Collection","Tyler Wentworth",,"78175","160863"
"95250","Dolls & Bears","Dolls","By Brand, Company, Character","Tonner","Tyler Wentworth Collection","Tyler's Friends",,"95250","160863"
"160864","Dolls & Bears","Dolls","By Brand, Company, Character","Tonner","Tyler Wentworth Collection","Other",,"160864","160863"
"11698","Dolls & Bears","Dolls","By Brand, Company, Character","Tonner","Other",,,"11698","84641"
"2398","Dolls & Bears","Dolls","By Brand, Company, Character","Uneeda",,,,"2398","15987"
"338","Dolls & Bears","Dolls","By Brand, Company, Character","Vogue",,,,"338","15987"
"346","Dolls & Bears","Dolls","By Brand, Company, Character","Vogue","Ginnette",,,"346","338"
"18816","Dolls & Bears","Dolls","By Brand, Company, Character","Vogue","Ginny",,,"18816","338"
"18817","Dolls & Bears","Dolls","By Brand, Company, Character","Vogue","Ginny","Vintage (Pre-1970)",,"18817","18816"
"345","Dolls & Bears","Dolls","By Brand, Company, Character","Vogue","Ginny","Modern (1970-Now)",,"345","18816"
"347","Dolls & Bears","Dolls","By Brand, Company, Character","Vogue","Jill, Jeff & Jan",,,"347","338"
"1035","Dolls & Bears","Dolls","By Brand, Company, Character","Vogue","Other",,,"1035","338"
"36548","Dolls & Bears","Dolls","By Brand, Company, Character","Zapf",,,,"36548","15987"
"36549","Dolls & Bears","Dolls","By Brand, Company, Character","Other",,,,"36549","15987"
"15999","Dolls & Bears","Dolls","By Material",,,,,"15999","238"
"2410","Dolls & Bears","Dolls","By Material","Bisque",,,,"2410","15999"
"2411","Dolls & Bears","Dolls","By Material","Bisque","All Bisque",,,"2411","2410"
"2412","Dolls & Bears","Dolls","By Material","Bisque","Bisque Head",,,"2412","2410"
"4630","Dolls & Bears","Dolls","By Material","Bisque","Other",,,"4630","2410"
"328","Dolls & Bears","Dolls","By Material","Cloth",,,,"328","15999"
"2388","Dolls & Bears","Dolls","By Material","Composition",,,,"2388","15999"
"332","Dolls & Bears","Dolls","By Material","Hard Plastic",,,,"332","15999"
"4642","Dolls & Bears","Dolls","By Material","Plastic",,,,"4642","15999"
"2392","Dolls & Bears","Dolls","By Material","Polymer",,,,"2392","15999"
"45444","Dolls & Bears","Dolls","By Material","Porcelain",,,,"45444","15999"
"45445","Dolls & Bears","Dolls","By Material","Porcelain","Vintage (Pre-1980)",,,"45445","45444"
"48958","Dolls & Bears","Dolls","By Material","Porcelain","Contemporary (1980-Now)",,,"48958","45444"
"168087","Dolls & Bears","Dolls","By Material","Porcelain","Contemporary (1980-Now)","Miniatures",,"168087","48958"
"48959","Dolls & Bears","Dolls","By Material","Porcelain","Contemporary (1980-Now)","Angels",,"48959","48958"
"63641","Dolls & Bears","Dolls","By Material","Porcelain","Contemporary (1980-Now)","Ballerina",,"63641","48958"
"48960","Dolls & Bears","Dolls","By Material","Porcelain","Contemporary (1980-Now)","Clowns",,"48960","48958"
"48961","Dolls & Bears","Dolls","By Material","Porcelain","Contemporary (1980-Now)","Fantasy",,"48961","48958"
"48962","Dolls & Bears","Dolls","By Material","Porcelain","Contemporary (1980-Now)","Native American",,"48962","48958"
"48963","Dolls & Bears","Dolls","By Material","Porcelain","Contemporary (1980-Now)","Victorian",,"48963","48958"
"2394","Dolls & Bears","Dolls","By Material","Porcelain","Contemporary (1980-Now)","Other",,"2394","48958"
"2395","Dolls & Bears","Dolls","By Material","Resin",,,,"2395","15999"
"2396","Dolls & Bears","Dolls","By Material","Rubber",,,,"2396","15999"
"45446","Dolls & Bears","Dolls","By Material","Vinyl",,,,"45446","15999"
"45447","Dolls & Bears","Dolls","By Material","Vinyl","Vintage (Pre-1970)",,,"45447","45446"
"2399","Dolls & Bears","Dolls","By Material","Vinyl","Contemporary (1970-Now)",,,"2399","45446"
"2446","Dolls & Bears","Dolls","By Material","Wood",,,,"2446","15999"
"2447","Dolls & Bears","Dolls","By Material","Other",,,,"2447","15999"
"16000","Dolls & Bears","Dolls","By Type",,,,,"16000","238"
"2387","Dolls & Bears","Dolls","By Type","Celebrity",,,,"2387","16000"
"4631","Dolls & Bears","Dolls","By Type","Cultures & Ethnicities",,,,"4631","16000"
"245","Dolls & Bears","Dolls","By Type","Figures",,,,"245","16000"
"84642","Dolls & Bears","Dolls","By Type","Gothic & Horror",,,,"84642","16000"
"4632","Dolls & Bears","Dolls","By Type","Kewpie",,,,"4632","16000"
"2391","Dolls & Bears","Dolls","By Type","Nesting",,,,"2391","16000"
"18818","Dolls & Bears","Dolls","By Type","Trolls",,,,"18818","16000"
"18819","Dolls & Bears","Dolls","By Type","Trolls","Vintage (Pre-1975)",,,"18819","18818"
"1206","Dolls & Bears","Dolls","By Type","Trolls","Modern (1975-Now)",,,"1206","18818"
"239","Dolls & Bears","Dolls","By Type","Other",,,,"239","16000"
"329","Dolls & Bears","Dolls","Clothes & Accessories",,,,,"329","238"
"342","Dolls & Bears","Dolls","Clothes & Accessories","Antique & Vintage",,,,"342","329"
"15977","Dolls & Bears","Dolls","Clothes & Accessories","Modern",,,,"15977","329"
"15978","Dolls & Bears","Dolls","Clothes & Accessories","Modern","American Girl",,,"15978","15977"
"50254","Dolls & Bears","Dolls","Clothes & Accessories","Modern","Berenguer",,,"50254","15977"
"50255","Dolls & Bears","Dolls","Clothes & Accessories","Modern","Bratz",,,"50255","15977"
"50256","Dolls & Bears","Dolls","Clothes & Accessories","Modern","Cabbage Patch",,,"50256","15977"
"158455","Dolls & Bears","Dolls","Clothes & Accessories","Modern","Cissy",,,"158455","15977"
"50257","Dolls & Bears","Dolls","Clothes & Accessories","Modern","Lee Middleton",,,"50257","15977"
"15979","Dolls & Bears","Dolls","Clothes & Accessories","Modern","My Twinn",,,"15979","15977"
"343","Dolls & Bears","Dolls","Clothes & Accessories","Modern","Other",,,"343","15977"
"2408","Dolls & Bears","Dolls","Doll Making & Repair",,,,,"2408","238"
"11692","Dolls & Bears","Dolls","Doll Making & Repair","Molds",,,,"11692","2408"
"2414","Dolls & Bears","Dolls","Doll Making & Repair","Parts",,,,"2414","2408"
"11695","Dolls & Bears","Dolls","Doll Making & Repair","Patterns",,,,"11695","2408"
"18812","Dolls & Bears","Dolls","Doll Making & Repair","Patterns","Clothing Patterns",,,"18812","11695"
"18813","Dolls & Bears","Dolls","Doll Making & Repair","Patterns","Clothing Patterns","Vintage (Pre-1970)",,"18813","18812"
"11696","Dolls & Bears","Dolls","Doll Making & Repair","Patterns","Clothing Patterns","Modern (1970-Now)",,"11696","18812"
"18814","Dolls & Bears","Dolls","Doll Making & Repair","Patterns","Doll Patterns",,,"18814","11695"
"18815","Dolls & Bears","Dolls","Doll Making & Repair","Patterns","Doll Patterns","Vintage (Pre-1970)",,"18815","18814"
"11697","Dolls & Bears","Dolls","Doll Making & Repair","Patterns","Doll Patterns","Modern (1970-Now)",,"11697","18814"
"1205","Dolls & Bears","Dolls","Doll Making & Repair","Patterns","Other Patterns",,,"1205","11695"
"2415","Dolls & Bears","Dolls","Doll Making & Repair","Supplies",,,,"2415","2408"
"2389","Dolls & Bears","Dolls","Doll Making & Repair","Other",,,,"2389","2408"
"160865","Dolls & Bears","Dolls","Dolls-Interactive",,,,,"160865","238"
"11694","Dolls & Bears","Dolls","Dolls-Interactive","Amazing Ally, Babies",,,,"11694","160865"
"160866","Dolls & Bears","Dolls","Dolls-Interactive","Baby Alive",,,,"160866","160865"
"160867","Dolls & Bears","Dolls","Dolls-Interactive","Diva Starz",,,,"160867","160865"
"160868","Dolls & Bears","Dolls","Dolls-Interactive","Little Mommy",,,,"160868","160865"
"160869","Dolls & Bears","Dolls","Dolls-Interactive","Zapf",,,,"160869","160865"
"160870","Dolls & Bears","Dolls","Dolls-Interactive","Other",,,,"160870","160865"
"18810","Dolls & Bears","Dolls","Furniture",,,,,"18810","238"
"18811","Dolls & Bears","Dolls","Furniture","Vintage (Pre-1970)",,,,"18811","18810"
"1201","Dolls & Bears","Dolls","Furniture","Modern (1970-Now)",,,,"1201","18810"
"122721","Dolls & Bears","Dolls","Reborn",,,,,"122721","238"
"122722","Dolls & Bears","Dolls","Reborn","Reborn Clothing",,,,"122722","122721"
"122723","Dolls & Bears","Dolls","Reborn","Reborn Dolls",,,,"122723","122721"
"122724","Dolls & Bears","Dolls","Reborn","Reborn Kits & Supplies",,,,"122724","122721"
"48921","Dolls & Bears","Dolls","Reborn","Other",,,,"48921","122721"
"160871","Dolls & Bears","Dolls","Stands & Posing Accessories",,,,,"160871","238"
"160839","Dolls & Bears","Dolls","Collectors' Guides & Books",,,,,"160839","238"
"160872","Dolls & Bears","Dolls","Other",,,,,"160872","238"
"1202","Dolls & Bears","Dollhouse Miniatures",,,,,,"1202","237"
"86823","Dolls & Bears","Dollhouse Miniatures","Doll House Dolls",,,,,"86823","1202"
"2458","Dolls & Bears","Dollhouse Miniatures","Doll Houses",,,,,"2458","1202"
"47178","Dolls & Bears","Dollhouse Miniatures","Animals & Pets",,,,,"47178","1202"
"2461","Dolls & Bears","Dollhouse Miniatures","Artist Offerings",,,,,"2461","1202"
"47180","Dolls & Bears","Dollhouse Miniatures","Books, Magazines & Newspapers",,,,,"47180","1202"
"47181","Dolls & Bears","Dollhouse Miniatures","Cookware & Tableware",,,,,"47181","1202"
"112547","Dolls & Bears","Dollhouse Miniatures","Fireplaces & Accessories",,,,,"112547","1202"
"70001","Dolls & Bears","Dollhouse Miniatures","Fixtures & Fittings",,,,,"70001","1202"
"101378","Dolls & Bears","Dollhouse Miniatures","Floor Coverings",,,,,"101378","1202"
"47182","Dolls & Bears","Dollhouse Miniatures","Food & Groceries",,,,,"47182","1202"
"179309","Dolls & Bears","Dollhouse Miniatures","Furniture & Room Items",,,,,"179309","1202"
"179251","Dolls & Bears","Dollhouse Miniatures","Home Décor",,,,,"179251","1202"
"75528","Dolls & Bears","Dollhouse Miniatures","Lamps & Lighting",,,,,"75528","1202"
"47179","Dolls & Bears","Dollhouse Miniatures","Toys & Games",,,,,"47179","1202"
"101379","Dolls & Bears","Dollhouse Miniatures","Wallpaper",,,,,"101379","1202"
"47184","Dolls & Bears","Dollhouse Miniatures","Mixed Lots",,,,,"47184","1202"
"170086","Dolls & Bears","Dollhouse Miniatures","Collectors' Guides & Books",,,,,"170086","1202"
"333","Dolls & Bears","Dollhouse Miniatures","Other",,,,,"333","1202"
"2440","Dolls & Bears","Paper Dolls",,,,,,"2440","237"
"2441","Dolls & Bears","Paper Dolls","Magazine",,,,,"2441","2440"
"2442","Dolls & Bears","Paper Dolls","Modern",,,,,"2442","2440"
"2443","Dolls & Bears","Paper Dolls","Reproductions",,,,,"2443","2440"
"2444","Dolls & Bears","Paper Dolls","Vintage",,,,,"2444","2440"
"368","Dolls & Bears","Paper Dolls","Other",,,,,"368","2440"
"52546","Dolls & Bears","Wholesale Lots",,,,,,"52546","237"
"52547","Dolls & Bears","Wholesale Lots","Barbie",,,,,"52547","52546"
"52548","Dolls & Bears","Wholesale Lots","Bears",,,,,"52548","52546"
"52549","Dolls & Bears","Wholesale Lots","Doll Clothes & Furniture",,,,,"52549","52546"
"31584","Dolls & Bears","Wholesale Lots","Dolls",,,,,"31584","52546"
"52550","Dolls & Bears","Wholesale Lots","Other",,,,,"52550","52546"
