"26395","Health & Beauty",,,,,,,"26395","26395"
"11838","Health & Beauty","Bath & Body",,,,,,"11838","26395"
"72759","Health & Beauty","Bath & Body","Bath Bombs & Fizzies",,,,,"72759","11838"
"74990","Health & Beauty","Bath & Body","Bath Brushes & Sponges",,,,,"74990","11838"
"31751","Health & Beauty","Bath & Body","Bath Oils",,,,,"31751","11838"
"67390","Health & Beauty","Bath & Body","Bath Salts",,,,,"67390","11838"
"67391","Health & Beauty","Bath & Body","Bath Sets & Kits",,,,,"67391","11838"
"166718","Health & Beauty","Bath & Body","Body Butters",,,,,"166718","11838"
"11841","Health & Beauty","Bath & Body","Body Lotion",,,,,"11841","11838"
"29581","Health & Beauty","Bath & Body","Body Powders",,,,,"29581","11838"
"31752","Health & Beauty","Bath & Body","Body Scrubs",,,,,"31752","11838"
"31753","Health & Beauty","Bath & Body","Body Sprays & Mists",,,,,"31753","11838"
"31754","Health & Beauty","Bath & Body","Body Washes & Shower Gels",,,,,"31754","11838"
"31755","Health & Beauty","Bath & Body","Bubble Baths",,,,,"31755","11838"
"74993","Health & Beauty","Bath & Body","Cellulite Treatment",,,,,"74993","11838"
"159717","Health & Beauty","Bath & Body","Children's Bath & Body",,,,,"159717","11838"
"29580","Health & Beauty","Bath & Body","Deodorants & Antiperspirants",,,,,"29580","11838"
"74994","Health & Beauty","Bath & Body","Scar & Stretch Mark Reducers",,,,,"74994","11838"
"11845","Health & Beauty","Bath & Body","Soaps",,,,,"11845","11838"
"29584","Health & Beauty","Bath & Body","Mixed Items",,,,,"29584","11838"
"72765","Health & Beauty","Bath & Body","Samples & Travel Sizes",,,,,"72765","11838"
"11837","Health & Beauty","Bath & Body","Other",,,,,"11837","11838"
"19259","Health & Beauty","Dietary Supplements, Nutrition",,,,,,"19259","26395"
"159730","Health & Beauty","Dietary Supplements, Nutrition","Children's Vitamins",,,,,"159730","19259"
"159731","Health & Beauty","Dietary Supplements, Nutrition","Detox & Cleanse",,,,,"159731","19259"
"1278","Health & Beauty","Dietary Supplements, Nutrition","Energy Bars, Shakes & Drinks",,,,,"1278","19259"
"19260","Health & Beauty","Dietary Supplements, Nutrition","Herbs & Botanicals",,,,,"19260","19259"
"40961","Health & Beauty","Dietary Supplements, Nutrition","Sports Supplements",,,,,"40961","19259"
"11776","Health & Beauty","Dietary Supplements, Nutrition","Vitamins & Minerals",,,,,"11776","19259"
"19262","Health & Beauty","Dietary Supplements, Nutrition","Other",,,,,"19262","19259"
"26396","Health & Beauty","Fragrances",,,,,,"26396","26395"
"159719","Health & Beauty","Fragrances","Children",,,,,"159719","26396"
"29585","Health & Beauty","Fragrances","Men",,,,,"29585","26396"
"11848","Health & Beauty","Fragrances","Women",,,,,"11848","26396"
"112661","Health & Beauty","Fragrances","Unisex",,,,,"112661","26396"
"11854","Health & Beauty","Hair Care & Styling",,,,,,"11854","26395"
"11855","Health & Beauty","Hair Care & Styling","Brushes & Combs",,,,,"11855","11854"
"177659","Health & Beauty","Hair Care & Styling","Curling & Straightening Irons",,,,,"177659","11854"
"31412","Health & Beauty","Hair Care & Styling","Hair Color",,,,,"31412","11854"
"11858","Health & Beauty","Hair Care & Styling","Hair Dryers",,,,,"11858","11854"
"31413","Health & Beauty","Hair Care & Styling","Hair Loss Treatments",,,,,"31413","11854"
"166738","Health & Beauty","Hair Care & Styling","Perms",,,,,"166738","11854"
"36407","Health & Beauty","Hair Care & Styling","Rollers & Curlers",,,,,"36407","11854"
"177660","Health & Beauty","Hair Care & Styling","Serum & Oils",,,,,"177660","11854"
"177661","Health & Beauty","Hair Care & Styling","Shampoo & Conditioning",,,,,"177661","11854"
"177662","Health & Beauty","Hair Care & Styling","Smoothing & Straightening",,,,,"177662","11854"
"11860","Health & Beauty","Hair Care & Styling","Styling Products",,,,,"11860","11854"
"82591","Health & Beauty","Hair Care & Styling","Styling Tools & Accessories",,,,,"82591","11854"
"31788","Health & Beauty","Hair Care & Styling","Sets & Kits",,,,,"31788","11854"
"72801","Health & Beauty","Hair Care & Styling","Travel & Sample Sizes",,,,,"72801","11854"
"177658","Health & Beauty","Hair Care & Styling","Other",,,,,"177658","11854"
"67588","Health & Beauty","Health Care",,,,,,"67588","26395"
"179842","Health & Beauty","Health Care","Ear Care",,,,,"179842","67588"
"67590","Health & Beauty","Health Care","Feminine Hygiene",,,,,"67590","67588"
"75033","Health & Beauty","Health Care","First Aid",,,,,"75033","67588"
"75034","Health & Beauty","Health Care","First Aid","Bandages, Gauze & Dressings",,,,"75034","75033"
"159796","Health & Beauty","Health Care","First Aid","Children's First Aid",,,,"159796","75033"
"75035","Health & Beauty","Health Care","First Aid","Kits & Bags",,,,"75035","75033"
"82592","Health & Beauty","Health Care","First Aid","Ointments, Creams & Oils",,,,"82592","75033"
"11779","Health & Beauty","Health Care","First Aid","Other",,,,"11779","75033"
"178966","Health & Beauty","Health Care","Foot Care",,,,,"178966","67588"
"177663","Health & Beauty","Health Care","Hand Sanitizers",,,,,"177663","67588"
"36439","Health & Beauty","Health Care","Hot & Cold Therapies",,,,,"36439","67588"
"75041","Health & Beauty","Health Care","Pill Boxes, Pill Cases",,,,,"75041","67588"
"40100","Health & Beauty","Health Care","Relaxation Aids",,,,,"40100","67588"
"176992","Health & Beauty","Health Care","Sexual Wellness",,,,,"176992","67588"
"176993","Health & Beauty","Health Care","Sexual Wellness","Body Enhancing Devices",,,,"176993","176992"
"176994","Health & Beauty","Health Care","Sexual Wellness","Condoms & Contraceptives",,,,"176994","176992"
"116178","Health & Beauty","Health Care","Sexual Wellness","Fertility Monitors",,,,"116178","176992"
"176995","Health & Beauty","Health Care","Sexual Wellness","Lubes, Lotions & Massage Oils",,,,"176995","176992"
"30118","Health & Beauty","Health Care","Sexual Wellness","Ovulation Kits",,,,"30118","176992"
"36437","Health & Beauty","Health Care","Sexual Wellness","Pregnancy Tests",,,,"36437","176992"
"176996","Health & Beauty","Health Care","Sexual Wellness","Sex Accessories",,,,"176996","176992"
"176997","Health & Beauty","Health Care","Sexual Wellness","Sex Toys",,,,"176997","176992"
"176998","Health & Beauty","Health Care","Sexual Wellness","Sexual Remedies & Supplements",,,,"176998","176992"
"176999","Health & Beauty","Health Care","Sexual Wellness","Other",,,,"176999","176992"
"82593","Health & Beauty","Health Care","Sleeping Aids",,,,,"82593","67588"
"159798","Health & Beauty","Health Care","Sleeping Aids","CPAP Accessories",,,,"159798","82593"
"159799","Health & Beauty","Health Care","Sleeping Aids","Sleep Masks",,,,"159799","82593"
"82594","Health & Beauty","Health Care","Sleeping Aids","Sound Therapy",,,,"82594","82593"
"82595","Health & Beauty","Health Care","Sleeping Aids","Snoring Cessation",,,,"82595","82593"
"40101","Health & Beauty","Health Care","Sleeping Aids","Other",,,,"40101","82593"
"75042","Health & Beauty","Health Care","Smoking Cessation",,,,,"75042","67588"
"75043","Health & Beauty","Health Care","Smoking Cessation","Alternative Therapies",,,,"75043","75042"
"75044","Health & Beauty","Health Care","Smoking Cessation","Gum, Lozenges",,,,"75044","75042"
"75045","Health & Beauty","Health Care","Smoking Cessation","Gum, Lozenges","2mg",,,"75045","75044"
"75048","Health & Beauty","Health Care","Smoking Cessation","Gum, Lozenges","4mg",,,"75048","75044"
"36441","Health & Beauty","Health Care","Smoking Cessation","Gum, Lozenges","Other",,,"36441","75044"
"75046","Health & Beauty","Health Care","Smoking Cessation","Patches",,,,"75046","75042"
"75047","Health & Beauty","Health Care","Smoking Cessation","Other",,,,"75047","75042"
"67589","Health & Beauty","Health Care","Other",,,,,"67589","67588"
"31786","Health & Beauty","Makeup",,,,,,"31786","26395"
"172016","Health & Beauty","Makeup","Body",,,,,"172016","31786"
"172020","Health & Beauty","Makeup","Eyes",,,,,"172020","31786"
"78089","Health & Beauty","Makeup","Eyes","Eyebrow Liner & Definition",,,,"78089","172020"
"31787","Health & Beauty","Makeup","Eyes","Eyeliner",,,,"31787","172020"
"36865","Health & Beauty","Makeup","Eyes","Eye Shadow",,,,"36865","172020"
"172021","Health & Beauty","Makeup","Eyes","Eye Shadow Primer",,,,"172021","172020"
"172022","Health & Beauty","Makeup","Eyes","Eye Shadow/Liner Combination",,,,"172022","172020"
"177664","Health & Beauty","Makeup","Eyes","False Eyelashes & Adhesives",,,,"177664","172020"
"172023","Health & Beauty","Makeup","Eyes","Lash Growth & Conditioner",,,,"172023","172020"
"11869","Health & Beauty","Makeup","Eyes","Mascara",,,,"11869","172020"
"172024","Health & Beauty","Makeup","Eyes","Other",,,,"172024","172020"
"172025","Health & Beauty","Makeup","Face",,,,,"172025","31786"
"177665","Health & Beauty","Makeup","Face","BB Cream",,,,"177665","172025"
"11864","Health & Beauty","Makeup","Face","Blush",,,,"11864","172025"
"82596","Health & Beauty","Makeup","Face","Bronzers & Highlighters",,,,"82596","172025"
"11865","Health & Beauty","Makeup","Face","Concealer",,,,"11865","172025"
"21021","Health & Beauty","Makeup","Face","Face Powder",,,,"21021","172025"
"177666","Health & Beauty","Makeup","Face","Foundation",,,,"177666","172025"
"95216","Health & Beauty","Makeup","Face","Foundation Primer",,,,"95216","172025"
"172026","Health & Beauty","Makeup","Face","Other",,,,"172026","172025"
"172027","Health & Beauty","Makeup","Lips",,,,,"172027","31786"
"31802","Health & Beauty","Makeup","Lips","Lip Gloss",,,,"31802","172027"
"31803","Health & Beauty","Makeup","Lips","Lip Liner",,,,"31803","172027"
"172029","Health & Beauty","Makeup","Lips","Lip Plumper",,,,"172029","172027"
"172030","Health & Beauty","Makeup","Lips","Lip Stain",,,,"172030","172027"
"31804","Health & Beauty","Makeup","Lips","Lipstick",,,,"31804","172027"
"172031","Health & Beauty","Makeup","Lips","Lipstick Primer",,,,"172031","172027"
"172028","Health & Beauty","Makeup","Lips","Other",,,,"172028","172027"
"36413","Health & Beauty","Makeup","Makeup Bags & Cases",,,,,"36413","31786"
"107956","Health & Beauty","Makeup","Makeup Sets & Kits",,,,,"107956","31786"
"36409","Health & Beauty","Makeup","Makeup Tools & Accessories",,,,,"36409","31786"
"159805","Health & Beauty","Makeup","Makeup Tools & Accessories","Brush Cleaners",,,,"159805","36409"
"82597","Health & Beauty","Makeup","Makeup Tools & Accessories","Brushes",,,,"82597","36409"
"82599","Health & Beauty","Makeup","Makeup Tools & Accessories","Eyelash Tools",,,,"82599","36409"
"106256","Health & Beauty","Makeup","Makeup Tools & Accessories","Makeup Mirrors",,,,"106256","36409"
"172014","Health & Beauty","Makeup","Makeup Tools & Accessories","Sharpeners",,,,"172014","36409"
"159806","Health & Beauty","Makeup","Makeup Tools & Accessories","Sponges, Applicators & Cotton",,,,"159806","36409"
"159807","Health & Beauty","Makeup","Makeup Tools & Accessories","Other",,,,"159807","36409"
"72855","Health & Beauty","Makeup","Travel & Sample Sizes",,,,,"72855","31786"
"11985","Health & Beauty","Makeup","Mixed Makeup Lots",,,,,"11985","31786"
"31811","Health & Beauty","Makeup","Other",,,,,"31811","31786"
"36447","Health & Beauty","Massage",,,,,,"36447","26395"
"168199","Health & Beauty","Massage","Candles",,,,,"168199","36447"
"36448","Health & Beauty","Massage","Chairs",,,,,"36448","36447"
"36449","Health & Beauty","Massage","Massagers",,,,,"36449","36447"
"36450","Health & Beauty","Massage","Massagers","Back",,,,"36450","36449"
"36451","Health & Beauty","Massage","Massagers","Foot",,,,"36451","36449"
"67662","Health & Beauty","Massage","Massagers","Full Body",,,,"67662","36449"
"67663","Health & Beauty","Massage","Massagers","Head & Neck",,,,"67663","36449"
"36452","Health & Beauty","Massage","Massagers","Other",,,,"36452","36449"
"36453","Health & Beauty","Massage","Oils & Creams",,,,,"36453","36447"
"101972","Health & Beauty","Massage","Pillows",,,,,"101972","36447"
"67661","Health & Beauty","Massage","Stones & Rocks",,,,,"67661","36447"
"36454","Health & Beauty","Massage","Tables",,,,,"36454","36447"
"19263","Health & Beauty","Massage","Other",,,,,"19263","36447"
"11778","Health & Beauty","Medical, Mobility & Disability",,,,,,"11778","26395"
"75059","Health & Beauty","Medical, Mobility & Disability","Bathroom Safety",,,,,"75059","11778"
"19264","Health & Beauty","Medical, Mobility & Disability","Braces & Supports",,,,,"19264","11778"
"168198","Health & Beauty","Medical, Mobility & Disability","Caregiver Products",,,,,"168198","11778"
"72873","Health & Beauty","Medical, Mobility & Disability","Diabetic Aids",,,,,"72873","11778"
"72874","Health & Beauty","Medical, Mobility & Disability","Diabetic Aids","Glucose Monitors",,,,"72874","72873"
"72875","Health & Beauty","Medical, Mobility & Disability","Diabetic Aids","Lancets",,,,"72875","72873"
"72876","Health & Beauty","Medical, Mobility & Disability","Diabetic Aids","Monitoring Kits",,,,"72876","72873"
"72877","Health & Beauty","Medical, Mobility & Disability","Diabetic Aids","Test Strips",,,,"72877","72873"
"30117","Health & Beauty","Medical, Mobility & Disability","Diabetic Aids","Other",,,,"30117","72873"
"37821","Health & Beauty","Medical, Mobility & Disability","Hearing Assistance",,,,,"37821","11778"
"36440","Health & Beauty","Medical, Mobility & Disability","Incontinence Aids",,,,,"36440","11778"
"28175","Health & Beauty","Medical, Mobility & Disability","Mobility Equipment",,,,,"28175","11778"
"75066","Health & Beauty","Medical, Mobility & Disability","Mobility Equipment","Lifts & Lift Chairs",,,,"75066","28175"
"75067","Health & Beauty","Medical, Mobility & Disability","Mobility Equipment","Ramps",,,,"75067","28175"
"159874","Health & Beauty","Medical, Mobility & Disability","Mobility Equipment","Reacher Grabbers",,,,"159874","28175"
"75068","Health & Beauty","Medical, Mobility & Disability","Mobility Equipment","Scooters",,,,"75068","28175"
"28176","Health & Beauty","Medical, Mobility & Disability","Mobility Equipment","Walkers & Canes",,,,"28176","28175"
"19265","Health & Beauty","Medical, Mobility & Disability","Mobility Equipment","Wheelchairs",,,,"19265","28175"
"28177","Health & Beauty","Medical, Mobility & Disability","Mobility Equipment","Other",,,,"28177","28175"
"30115","Health & Beauty","Medical, Mobility & Disability","Monitoring & Testing",,,,,"30115","11778"
"75072","Health & Beauty","Medical, Mobility & Disability","Monitoring & Testing","Blood Pressure",,,,"75072","30115"
"75073","Health & Beauty","Medical, Mobility & Disability","Monitoring & Testing","Blood Pressure","Arm",,,"75073","75072"
"75074","Health & Beauty","Medical, Mobility & Disability","Monitoring & Testing","Blood Pressure","Wrist",,,"75074","75072"
"30116","Health & Beauty","Medical, Mobility & Disability","Monitoring & Testing","Blood Pressure","Other",,,"30116","75072"
"159875","Health & Beauty","Medical, Mobility & Disability","Monitoring & Testing","Cholesterol",,,,"159875","30115"
"159876","Health & Beauty","Medical, Mobility & Disability","Monitoring & Testing","Drug Testing",,,,"159876","30115"
"159877","Health & Beauty","Medical, Mobility & Disability","Monitoring & Testing","Ear Infection Monitors",,,,"159877","30115"
"159878","Health & Beauty","Medical, Mobility & Disability","Monitoring & Testing","Emergency Alert Systems",,,,"159878","30115"
"78119","Health & Beauty","Medical, Mobility & Disability","Monitoring & Testing","Stethoscopes",,,,"78119","30115"
"75075","Health & Beauty","Medical, Mobility & Disability","Monitoring & Testing","Thermometers",,,,"75075","30115"
"11780","Health & Beauty","Medical, Mobility & Disability","Monitoring & Testing","Other",,,,"11780","30115"
"118956","Health & Beauty","Medical, Mobility & Disability","Orthotics, Insoles",,,,,"118956","11778"
"28178","Health & Beauty","Medical, Mobility & Disability","Positioning Equipment",,,,,"28178","11778"
"45207","Health & Beauty","Medical, Mobility & Disability","Respiratory Aids",,,,,"45207","11778"
"3193","Health & Beauty","Medical, Mobility & Disability","Other",,,,,"3193","11778"
"47945","Health & Beauty","Nail Care, Manicure & Pedicure",,,,,,"47945","26395"
"178959","Health & Beauty","Nail Care, Manicure & Pedicure","Airbrushing",,,,,"178959","47945"
"75055","Health & Beauty","Nail Care, Manicure & Pedicure","Artificial Nails & Tips",,,,,"75055","47945"
"82610","Health & Beauty","Nail Care, Manicure & Pedicure","Cuticle Treatments",,,,,"82610","47945"
"178960","Health & Beauty","Nail Care, Manicure & Pedicure","Electric Files & Tools",,,,,"178960","47945"
"36431","Health & Beauty","Nail Care, Manicure & Pedicure","Foot Creams & Treatments",,,,,"36431","47945"
"178961","Health & Beauty","Nail Care, Manicure & Pedicure","Gel & Shellac Polish",,,,,"178961","47945"
"36432","Health & Beauty","Nail Care, Manicure & Pedicure","Hand Creams & Treatments",,,,,"36432","47945"
"11872","Health & Beauty","Nail Care, Manicure & Pedicure","Manicure/Pedicure Tools & Kits",,,,,"11872","47945"
"107876","Health & Beauty","Nail Care, Manicure & Pedicure","Nail Art Accessories",,,,,"107876","47945"
"67653","Health & Beauty","Nail Care, Manicure & Pedicure","Nail Dryers & UV/LED Lamps",,,,,"67653","47945"
"11873","Health & Beauty","Nail Care, Manicure & Pedicure","Nail Polish",,,,,"11873","47945"
"47940","Health & Beauty","Nail Care, Manicure & Pedicure","Nail Polish Remover",,,,,"47940","47945"
"112563","Health & Beauty","Nail Care, Manicure & Pedicure","Nail Practice & Display",,,,,"112563","47945"
"36430","Health & Beauty","Nail Care, Manicure & Pedicure","Spas, Baths & Supplies",,,,,"36430","47945"
"107965","Health & Beauty","Nail Care, Manicure & Pedicure","Storage & Empty Containers",,,,,"107965","47945"
"11870","Health & Beauty","Nail Care, Manicure & Pedicure","Other",,,,,"11870","47945"
"67659","Health & Beauty","Natural & Homeopathic Remedies",,,,,,"67659","26395"
"37822","Health & Beauty","Natural & Homeopathic Remedies","Acupuncture",,,,,"37822","67659"
"19258","Health & Beauty","Natural & Homeopathic Remedies","Aromatherapy",,,,,"19258","67659"
"159886","Health & Beauty","Natural & Homeopathic Remedies","Detox Pads",,,,,"159886","67659"
"101965","Health & Beauty","Natural & Homeopathic Remedies","Herbal",,,,,"101965","67659"
"159880","Health & Beauty","Natural & Homeopathic Remedies","Hypnosis",,,,,"159880","67659"
"159879","Health & Beauty","Natural & Homeopathic Remedies","Ion Foot Baths",,,,,"159879","67659"
"159881","Health & Beauty","Natural & Homeopathic Remedies","Light Therapy",,,,,"159881","67659"
"11777","Health & Beauty","Natural & Homeopathic Remedies","Magnets",,,,,"11777","67659"
"159882","Health & Beauty","Natural & Homeopathic Remedies","Neti Pots & Cleansers",,,,,"159882","67659"
"159883","Health & Beauty","Natural & Homeopathic Remedies","Subliminal Products",,,,,"159883","67659"
"116179","Health & Beauty","Natural & Homeopathic Remedies","Support Wraps",,,,,"116179","67659"
"159884","Health & Beauty","Natural & Homeopathic Remedies","Tiger Balm",,,,,"159884","67659"
"159885","Health & Beauty","Natural & Homeopathic Remedies","Titanium",,,,,"159885","67659"
"1279","Health & Beauty","Natural & Homeopathic Remedies","Other",,,,,"1279","67659"
"31769","Health & Beauty","Oral Care",,,,,,"31769","26395"
"159757","Health & Beauty","Oral Care","Children's Oral Care",,,,,"159757","31769"
"159758","Health & Beauty","Oral Care","Dental Floss & Flossers",,,,,"159758","31769"
"67421","Health & Beauty","Oral Care","Toothbrushes-Standard",,,,,"67421","31769"
"31770","Health & Beauty","Oral Care","Toothbrushes-Electric",,,,,"31770","31769"
"99654","Health & Beauty","Oral Care","Toothbrush Replacement Heads",,,,,"99654","31769"
"67422","Health & Beauty","Oral Care","Toothpaste",,,,,"67422","31769"
"113913","Health & Beauty","Oral Care","Whitening",,,,,"113913","31769"
"108691","Health & Beauty","Oral Care","Systems & Kits",,,,,"108691","31769"
"11843","Health & Beauty","Oral Care","Other",,,,,"11843","31769"
"75036","Health & Beauty","Over-the-Counter Medicine",,,,,,"75036","26395"
"75037","Health & Beauty","Over-the-Counter Medicine","Allergy, Sinus & Asthma",,,,,"75037","75036"
"159797","Health & Beauty","Over-the-Counter Medicine","Cold Sores",,,,,"159797","75036"
"75038","Health & Beauty","Over-the-Counter Medicine","Cough, Cold & Flu",,,,,"75038","75036"
"75039","Health & Beauty","Over-the-Counter Medicine","Digestion & Nausea",,,,,"75039","75036"
"75040","Health & Beauty","Over-the-Counter Medicine","Pain & Fever Relief",,,,,"75040","75036"
"45206","Health & Beauty","Over-the-Counter Medicine","Other",,,,,"45206","75036"
"177731","Health & Beauty","Salon & Spa Equipment",,,,,,"177731","26395"
"117338","Health & Beauty","Salon & Spa Equipment","Backwash Units & Shampoo Bowls",,,,,"117338","177731"
"177732","Health & Beauty","Salon & Spa Equipment","Hair & Makeup Mannequins",,,,,"177732","177731"
"177733","Health & Beauty","Salon & Spa Equipment","Magnifying Lamps",,,,,"177733","177731"
"177734","Health & Beauty","Salon & Spa Equipment","Professional Facial Machines",,,,,"177734","177731"
"177735","Health & Beauty","Salon & Spa Equipment","Professional Styling Tools",,,,,"177735","177731"
"177736","Health & Beauty","Salon & Spa Equipment","Professional Waxing Warmers",,,,,"177736","177731"
"75053","Health & Beauty","Salon & Spa Equipment","Rolling Makeup Cases",,,,,"75053","177731"
"177737","Health & Beauty","Salon & Spa Equipment","Salon Chairs & Dryers",,,,,"177737","177731"
"101915","Health & Beauty","Salon & Spa Equipment","Scissors & Shears",,,,,"101915","177731"
"177739","Health & Beauty","Salon & Spa Equipment","Sterilizers & Towel Warmers",,,,,"177739","177731"
"96428","Health & Beauty","Salon & Spa Equipment","Styling Capes & Gowns",,,,,"96428","177731"
"177738","Health & Beauty","Salon & Spa Equipment","Stylist Stations & Furniture",,,,,"177738","177731"
"177740","Health & Beauty","Salon & Spa Equipment","Salon & Spa Supplies",,,,,"177740","177731"
"177741","Health & Beauty","Salon & Spa Equipment","Other",,,,,"177741","177731"
"31762","Health & Beauty","Shaving & Hair Removal",,,,,,"31762","26395"
"47920","Health & Beauty","Shaving & Hair Removal","Aftershave & Pre-Shave",,,,,"47920","31762"
"67408","Health & Beauty","Shaving & Hair Removal","Clippers & Trimmers",,,,,"67408","31762"
"159789","Health & Beauty","Shaving & Hair Removal","Clipper & Trimmer Parts",,,,,"159789","31762"
"31765","Health & Beauty","Shaving & Hair Removal","Electric Shavers",,,,,"31765","31762"
"11844","Health & Beauty","Shaving & Hair Removal","Electric Shavers","Men's Shavers",,,,"11844","31765"
"106317","Health & Beauty","Shaving & Hair Removal","Electric Shavers","Women's Shavers",,,,"106317","31765"
"139844","Health & Beauty","Shaving & Hair Removal","Electric Shavers","Shaver Parts & Accessories",,,,"139844","31765"
"37802","Health & Beauty","Shaving & Hair Removal","Epilators & Electrolysis",,,,,"37802","31762"
"47925","Health & Beauty","Shaving & Hair Removal","Hair Removal Creams & Sprays",,,,,"47925","31762"
"159795","Health & Beauty","Shaving & Hair Removal","Laser Hair Removal & IPL",,,,,"159795","31762"
"179841","Health & Beauty","Shaving & Hair Removal","Razors & Razor Blades",,,,,"179841","31762"
"47921","Health & Beauty","Shaving & Hair Removal","Razors & Razor Blades","Men's Razors",,,,"47921","179841"
"47931","Health & Beauty","Shaving & Hair Removal","Razors & Razor Blades","Men's Razor Blades",,,,"47931","179841"
"178964","Health & Beauty","Shaving & Hair Removal","Razors & Razor Blades","Women's Razors",,,,"178964","179841"
"178965","Health & Beauty","Shaving & Hair Removal","Razors & Razor Blades","Women's Razor Blades",,,,"178965","179841"
"106315","Health & Beauty","Shaving & Hair Removal","Shaving & Grooming Kits & Sets",,,,,"106315","31762"
"168191","Health & Beauty","Shaving & Hair Removal","Shaving Brushes & Mugs",,,,,"168191","31762"
"31763","Health & Beauty","Shaving & Hair Removal","Shaving Creams, Foams & Gels",,,,,"31763","31762"
"159756","Health & Beauty","Shaving & Hair Removal","Straight Razors",,,,,"159756","31762"
"67416","Health & Beauty","Shaving & Hair Removal","Tweezers",,,,,"67416","31762"
"82565","Health & Beauty","Shaving & Hair Removal","Waxing Supplies",,,,,"82565","31762"
"11840","Health & Beauty","Shaving & Hair Removal","Other",,,,,"11840","31762"
"11863","Health & Beauty","Skin Care",,,,,,"11863","26395"
"29618","Health & Beauty","Skin Care","Acne & Blemish Treatments",,,,,"29618","11863"
"33164","Health & Beauty","Skin Care","Anti-Aging Products",,,,,"33164","11863"
"75006","Health & Beauty","Skin Care","Blotting Paper",,,,,"75006","11863"
"177765","Health & Beauty","Skin Care","Cleansers & Toners",,,,,"177765","11863"
"29582","Health & Beauty","Skin Care","Exfoliators & Scrubs",,,,,"29582","11863"
"177764","Health & Beauty","Skin Care","Eye Treatments & Masks",,,,,"177764","11863"
"177767","Health & Beauty","Skin Care","Home Skin Care Devices",,,,,"177767","11863"
"40088","Health & Beauty","Skin Care","Lightening Cream",,,,,"40088","11863"
"36870","Health & Beauty","Skin Care","Lip Balm & Treatments",,,,,"36870","11863"
"172032","Health & Beauty","Skin Care","Makeup Remover",,,,,"172032","11863"
"21022","Health & Beauty","Skin Care","Masks & Peels",,,,,"21022","11863"
"101925","Health & Beauty","Skin Care","Microdermabrasion",,,,,"101925","11863"
"21205","Health & Beauty","Skin Care","Moisturizers",,,,,"21205","11863"
"101926","Health & Beauty","Skin Care","Night Treatments",,,,,"101926","11863"
"67500","Health & Beauty","Skin Care","Sets & Kits",,,,,"67500","11863"
"72772","Health & Beauty","Skin Care","Travel & Sample Sizes",,,,,"72772","11863"
"11862","Health & Beauty","Skin Care","Other",,,,,"11862","11863"
"31772","Health & Beauty","Sun Protection & Tanning",,,,,,"31772","26395"
"74996","Health & Beauty","Sun Protection & Tanning","After Sun",,,,,"74996","31772"
"108693","Health & Beauty","Sun Protection & Tanning","Airbrush Tanning",,,,,"108693","31772"
"67428","Health & Beauty","Sun Protection & Tanning","Sunless Tanning Lotion & Cream",,,,,"67428","31772"
"67429","Health & Beauty","Sun Protection & Tanning","Sunless Tanning Sprays & Mists",,,,,"67429","31772"
"31774","Health & Beauty","Sun Protection & Tanning","Sunscreen",,,,,"31774","31772"
"177742","Health & Beauty","Sun Protection & Tanning","Tanning Accessories",,,,,"177742","31772"
"31775","Health & Beauty","Sun Protection & Tanning","Tanning Beds & Lamps",,,,,"31775","31772"
"31776","Health & Beauty","Sun Protection & Tanning","Tanning Lotion",,,,,"31776","31772"
"29583","Health & Beauty","Sun Protection & Tanning","Other",,,,,"29583","31772"
"33914","Health & Beauty","Tattoos & Body Art",,,,,,"33914","26395"
"60890","Health & Beauty","Tattoos & Body Art","Henna Paste & Powder",,,,,"60890","33914"
"33916","Health & Beauty","Tattoos & Body Art","Piercing Supplies & Kits",,,,,"33916","33914"
"179277","Health & Beauty","Tattoos & Body Art","Stencils & Accessories",,,,,"179277","33914"
"57589","Health & Beauty","Tattoos & Body Art","Tattoo Complete Kits",,,,,"57589","33914"
"33915","Health & Beauty","Tattoos & Body Art","Tattoo Flash",,,,,"33915","33914"
"57586","Health & Beauty","Tattoos & Body Art","Tattoo Inks",,,,,"57586","33914"
"33917","Health & Beauty","Tattoos & Body Art","Tattoo Machines & Parts",,,,,"33917","33914"
"179276","Health & Beauty","Tattoos & Body Art","Tattoo Needles, Grips & Tips",,,,,"179276","33914"
"168192","Health & Beauty","Tattoos & Body Art","Tattoo Removal Machines",,,,,"168192","33914"
"33918","Health & Beauty","Tattoos & Body Art","Tattoo Supplies",,,,,"33918","33914"
"33919","Health & Beauty","Tattoos & Body Art","Temporary Tattoos",,,,,"33919","33914"
"16705","Health & Beauty","Tattoos & Body Art","Other",,,,,"16705","33914"
"31414","Health & Beauty","Vision Care",,,,,,"31414","26395"
"159887","Health & Beauty","Vision Care","Children's Vision Care",,,,,"159887","31414"
"75084","Health & Beauty","Vision Care","Contact Lens Accessories",,,,,"75084","31414"
"116183","Health & Beauty","Vision Care","Eyeglass Cases",,,,,"116183","31414"
"31415","Health & Beauty","Vision Care","Eyeglass Frames",,,,,"31415","31414"
"67678","Health & Beauty","Vision Care","Low Vision Magnifiers & Lenses",,,,,"67678","31414"
"179693","Health & Beauty","Vision Care","Prescription Glasses",,,,,"179693","31414"
"67670","Health & Beauty","Vision Care","Reading Glasses",,,,,"67670","31414"
"67671","Health & Beauty","Vision Care","Reading Glasses","+1.00 strength",,,,"67671","67670"
"67672","Health & Beauty","Vision Care","Reading Glasses","+1.25 strength",,,,"67672","67670"
"67673","Health & Beauty","Vision Care","Reading Glasses","+1.50 strength",,,,"67673","67670"
"67674","Health & Beauty","Vision Care","Reading Glasses","+1.75 strength",,,,"67674","67670"
"67675","Health & Beauty","Vision Care","Reading Glasses","+2.00 strength",,,,"67675","67670"
"67676","Health & Beauty","Vision Care","Reading Glasses","+2.25 strength",,,,"67676","67670"
"67677","Health & Beauty","Vision Care","Reading Glasses","+2.50 strength",,,,"67677","67670"
"82623","Health & Beauty","Vision Care","Reading Glasses","+2.75 strength",,,,"82623","67670"
"82624","Health & Beauty","Vision Care","Reading Glasses","+3.00 strength",,,,"82624","67670"
"29620","Health & Beauty","Vision Care","Reading Glasses","Greater than +3.00 strength",,,,"29620","67670"
"117367","Health & Beauty","Vision Care","Sunglasses",,,,,"117367","31414"
"31416","Health & Beauty","Vision Care","Other",,,,,"31416","31414"
"31817","Health & Beauty","Weight Management",,,,,,"31817","26395"
"75083","Health & Beauty","Weight Management","CDs & Cassettes",,,,,"75083","31817"
"31819","Health & Beauty","Weight Management","Diaries & Calculators",,,,,"31819","31817"
"82620","Health & Beauty","Weight Management","Exercise & Fitness Programs",,,,,"82620","31817"
"82616","Health & Beauty","Weight Management","Foods, Bars & Snacks",,,,,"82616","31817"
"82617","Health & Beauty","Weight Management","Foods, Bars & Snacks","Bars",,,,"82617","82616"
"82618","Health & Beauty","Weight Management","Foods, Bars & Snacks","Foods, Meals",,,,"82618","82616"
"82619","Health & Beauty","Weight Management","Foods, Bars & Snacks","Snacks, Treats",,,,"82619","82616"
"31818","Health & Beauty","Weight Management","Foods, Bars & Snacks","Other",,,,"31818","82616"
"31820","Health & Beauty","Weight Management","Pills, Tablets & Capsules",,,,,"31820","31817"
"36455","Health & Beauty","Weight Management","Program Materials, Accessories",,,,,"36455","31817"
"78122","Health & Beauty","Weight Management","Scales",,,,,"78122","31817"
"31821","Health & Beauty","Weight Management","Shakes & Drinks",,,,,"31821","31817"
"82621","Health & Beauty","Weight Management","Videos & DVDs",,,,,"82621","31817"
"82622","Health & Beauty","Weight Management","Weight Loss Patches",,,,,"82622","31817"
"11781","Health & Beauty","Weight Management","Other",,,,,"11781","31817"
"40965","Health & Beauty","Wholesale Lots",,,,,,"40965","26395"
"51005","Health & Beauty","Wholesale Lots","Beauty & Personal Care",,,,,"51005","40965"
"51006","Health & Beauty","Wholesale Lots","Beauty & Personal Care","Bath & Body",,,,"51006","51005"
"51007","Health & Beauty","Wholesale Lots","Beauty & Personal Care","Hair Care",,,,"51007","51005"
"51008","Health & Beauty","Wholesale Lots","Beauty & Personal Care","Fragrances",,,,"51008","51005"
"40966","Health & Beauty","Wholesale Lots","Beauty & Personal Care","Makeup",,,,"40966","51005"
"51009","Health & Beauty","Wholesale Lots","Beauty & Personal Care","Nail",,,,"51009","51005"
"78123","Health & Beauty","Wholesale Lots","Beauty & Personal Care","Skin Care",,,,"78123","51005"
"51010","Health & Beauty","Wholesale Lots","Beauty & Personal Care","Other",,,,"51010","51005"
"40968","Health & Beauty","Wholesale Lots","Health Care",,,,,"40968","40965"
"40967","Health & Beauty","Wholesale Lots","Medical & Special Needs",,,,,"40967","40965"
"31822","Health & Beauty","Wholesale Lots","Other",,,,,"31822","40965"
"1277","Health & Beauty","Other",,,,,,"1277","26395"
