"281","Jewelry & Watches",,,,,,,"281","281"
"84605","Jewelry & Watches","Children's Jewelry",,,,,,"84605","281"
"84606","Jewelry & Watches","Children's Jewelry","Bracelets",,,,,"84606","84605"
"98476","Jewelry & Watches","Children's Jewelry","Earrings",,,,,"98476","84605"
"84607","Jewelry & Watches","Children's Jewelry","Necklaces & Pendants",,,,,"84607","84605"
"98477","Jewelry & Watches","Children's Jewelry","Rings",,,,,"98477","84605"
"98478","Jewelry & Watches","Children's Jewelry","Sets",,,,,"98478","84605"
"164208","Jewelry & Watches","Children's Jewelry","Mixed Lots",,,,,"164208","84605"
"84608","Jewelry & Watches","Children's Jewelry","Other",,,,,"84608","84605"
"91427","Jewelry & Watches","Engagement & Wedding",,,,,,"91427","281"
"92905","Jewelry & Watches","Engagement & Wedding","Engagement Rings",,,,,"92905","91427"
"92868","Jewelry & Watches","Engagement & Wedding","Engagement Rings","CZ, Moissanite & Simulated",,,,"92868","92905"
"164306","Jewelry & Watches","Engagement & Wedding","Engagement Rings","Diamond",,,,"164306","92905"
"177020","Jewelry & Watches","Engagement & Wedding","Engagement Rings","Gemstone",,,,"177020","92905"
"164309","Jewelry & Watches","Engagement & Wedding","Engagement Rings","Settings Only",,,,"164309","92905"
"164308","Jewelry & Watches","Engagement & Wedding","Engagement Rings","Other",,,,"164308","92905"
"92908","Jewelry & Watches","Engagement & Wedding","Engagement/Wedding Ring Sets",,,,,"92908","91427"
"92878","Jewelry & Watches","Engagement & Wedding","Engagement/Wedding Ring Sets","CZ, Moissanite & Simulated",,,,"92878","92908"
"92909","Jewelry & Watches","Engagement & Wedding","Engagement/Wedding Ring Sets","Diamonds & Gemstones",,,,"92909","92908"
"177019","Jewelry & Watches","Engagement & Wedding","Engagement/Wedding Ring Sets","Sets without Stones",,,,"177019","92908"
"164305","Jewelry & Watches","Engagement & Wedding","Engagement/Wedding Ring Sets","Other",,,,"164305","92908"
"92842","Jewelry & Watches","Engagement & Wedding","Wedding & Anniversary Bands",,,,,"92842","91427"
"92852","Jewelry & Watches","Engagement & Wedding","Wedding & Anniversary Bands","Bands without Stones",,,,"92852","92842"
"97681","Jewelry & Watches","Engagement & Wedding","Wedding & Anniversary Bands","CZ, Moissanite & Simulated",,,,"97681","92842"
"92853","Jewelry & Watches","Engagement & Wedding","Wedding & Anniversary Bands","Diamonds & Gemstones",,,,"92853","92842"
"92866","Jewelry & Watches","Engagement & Wedding","Wedding & Anniversary Bands","Other",,,,"92866","92842"
"164310","Jewelry & Watches","Engagement & Wedding","Bridal & Wedding Party Jewelry",,,,,"164310","91427"
"164311","Jewelry & Watches","Engagement & Wedding","Other",,,,,"164311","91427"
"11312","Jewelry & Watches","Ethnic, Regional & Tribal",,,,,,"11312","281"
"98479","Jewelry & Watches","Ethnic, Regional & Tribal","African",,,,,"98479","11312"
"98480","Jewelry & Watches","Ethnic, Regional & Tribal","African","Bracelets",,,,"98480","98479"
"98481","Jewelry & Watches","Ethnic, Regional & Tribal","African","Necklaces & Pendants",,,,"98481","98479"
"34064","Jewelry & Watches","Ethnic, Regional & Tribal","African","Other",,,,"34064","98479"
"98508","Jewelry & Watches","Ethnic, Regional & Tribal","Asian & East Indian",,,,,"98508","11312"
"164302","Jewelry & Watches","Ethnic, Regional & Tribal","Asian & East Indian","Beads",,,,"164302","98508"
"98509","Jewelry & Watches","Ethnic, Regional & Tribal","Asian & East Indian","Bracelets",,,,"98509","98508"
"98510","Jewelry & Watches","Ethnic, Regional & Tribal","Asian & East Indian","Earrings",,,,"98510","98508"
"98511","Jewelry & Watches","Ethnic, Regional & Tribal","Asian & East Indian","Necklaces & Pendants",,,,"98511","98508"
"98512","Jewelry & Watches","Ethnic, Regional & Tribal","Asian & East Indian","Rings",,,,"98512","98508"
"98513","Jewelry & Watches","Ethnic, Regional & Tribal","Asian & East Indian","Sets",,,,"98513","98508"
"11313","Jewelry & Watches","Ethnic, Regional & Tribal","Asian & East Indian","Other",,,,"11313","98508"
"98482","Jewelry & Watches","Ethnic, Regional & Tribal","Celtic",,,,,"98482","11312"
"98483","Jewelry & Watches","Ethnic, Regional & Tribal","Celtic","Bracelets",,,,"98483","98482"
"98484","Jewelry & Watches","Ethnic, Regional & Tribal","Celtic","Earrings",,,,"98484","98482"
"98485","Jewelry & Watches","Ethnic, Regional & Tribal","Celtic","Necklaces & Pendants",,,,"98485","98482"
"98486","Jewelry & Watches","Ethnic, Regional & Tribal","Celtic","Pins, Brooches",,,,"98486","98482"
"98487","Jewelry & Watches","Ethnic, Regional & Tribal","Celtic","Rings",,,,"98487","98482"
"34065","Jewelry & Watches","Ethnic, Regional & Tribal","Celtic","Other",,,,"34065","98482"
"98488","Jewelry & Watches","Ethnic, Regional & Tribal","Mexican",,,,,"98488","11312"
"98489","Jewelry & Watches","Ethnic, Regional & Tribal","Mexican","Bracelets",,,,"98489","98488"
"98490","Jewelry & Watches","Ethnic, Regional & Tribal","Mexican","Earrings",,,,"98490","98488"
"98491","Jewelry & Watches","Ethnic, Regional & Tribal","Mexican","Necklaces & Pendants",,,,"98491","98488"
"98492","Jewelry & Watches","Ethnic, Regional & Tribal","Mexican","Pins, Brooches",,,,"98492","98488"
"98493","Jewelry & Watches","Ethnic, Regional & Tribal","Mexican","Rings",,,,"98493","98488"
"98494","Jewelry & Watches","Ethnic, Regional & Tribal","Mexican","Sets",,,,"98494","98488"
"11314","Jewelry & Watches","Ethnic, Regional & Tribal","Mexican","Other",,,,"11314","98488"
"166732","Jewelry & Watches","Ethnic, Regional & Tribal","Middle Eastern",,,,,"166732","11312"
"98495","Jewelry & Watches","Ethnic, Regional & Tribal","Native American",,,,,"98495","11312"
"98496","Jewelry & Watches","Ethnic, Regional & Tribal","Native American","Bracelets",,,,"98496","98495"
"98497","Jewelry & Watches","Ethnic, Regional & Tribal","Native American","Earrings",,,,"98497","98495"
"98498","Jewelry & Watches","Ethnic, Regional & Tribal","Native American","Necklaces & Pendants",,,,"98498","98495"
"98499","Jewelry & Watches","Ethnic, Regional & Tribal","Native American","Pins, Brooches",,,,"98499","98495"
"98500","Jewelry & Watches","Ethnic, Regional & Tribal","Native American","Rings",,,,"98500","98495"
"98501","Jewelry & Watches","Ethnic, Regional & Tribal","Native American","Sets",,,,"98501","98495"
"98502","Jewelry & Watches","Ethnic, Regional & Tribal","Native American","Watches",,,,"98502","98495"
"166733","Jewelry & Watches","Ethnic, Regional & Tribal","Native American","Unsigned Artisan Jewelry",,,,"166733","98495"
"11315","Jewelry & Watches","Ethnic, Regional & Tribal","Native American","Other",,,,"11315","98495"
"98503","Jewelry & Watches","Ethnic, Regional & Tribal","South American",,,,,"98503","11312"
"98504","Jewelry & Watches","Ethnic, Regional & Tribal","South American","Bracelets",,,,"98504","98503"
"98505","Jewelry & Watches","Ethnic, Regional & Tribal","South American","Earrings",,,,"98505","98503"
"98506","Jewelry & Watches","Ethnic, Regional & Tribal","South American","Necklaces & Pendants",,,,"98506","98503"
"98507","Jewelry & Watches","Ethnic, Regional & Tribal","South American","Other",,,,"98507","98503"
"164301","Jewelry & Watches","Ethnic, Regional & Tribal","Southwestern",,,,,"164301","11312"
"288","Jewelry & Watches","Ethnic, Regional & Tribal","Other",,,,,"288","11312"
"10968","Jewelry & Watches","Fashion Jewelry",,,,,,"10968","281"
"43205","Jewelry & Watches","Fashion Jewelry","Anklets",,,,,"43205","10968"
"15124","Jewelry & Watches","Fashion Jewelry","Body Jewelry",,,,,"15124","10968"
"98526","Jewelry & Watches","Fashion Jewelry","Body Jewelry","Body Chains",,,,"98526","15124"
"32050","Jewelry & Watches","Fashion Jewelry","Body Jewelry","Body Piercing Jewelry",,,,"32050","15124"
"177769","Jewelry & Watches","Fashion Jewelry","Body Jewelry","Fake & Cheater Body Jewelry",,,,"177769","15124"
"152808","Jewelry & Watches","Fashion Jewelry","Body Jewelry","Grillz, Dental Grills",,,,"152808","15124"
"136990","Jewelry & Watches","Fashion Jewelry","Body Jewelry","Replacement Parts",,,,"136990","15124"
"98542","Jewelry & Watches","Fashion Jewelry","Body Jewelry","Retainers & Hide-its",,,,"98542","15124"
"177768","Jewelry & Watches","Fashion Jewelry","Body Jewelry","Stickers & Body Art",,,,"177768","15124"
"110399","Jewelry & Watches","Fashion Jewelry","Body Jewelry","Other",,,,"110399","15124"
"50637","Jewelry & Watches","Fashion Jewelry","Bracelets",,,,,"50637","10968"
"140944","Jewelry & Watches","Fashion Jewelry","Charms & Charm Bracelets",,,,,"140944","10968"
"50647","Jewelry & Watches","Fashion Jewelry","Earrings",,,,,"50647","10968"
"164461","Jewelry & Watches","Fashion Jewelry","Eyeglass Chains & Holders",,,,,"164461","10968"
"110620","Jewelry & Watches","Fashion Jewelry","Hair & Head Jewelry",,,,,"110620","10968"
"50692","Jewelry & Watches","Fashion Jewelry","Jewelry Sets",,,,,"50692","10968"
"155101","Jewelry & Watches","Fashion Jewelry","Necklaces & Pendants",,,,,"155101","10968"
"50677","Jewelry & Watches","Fashion Jewelry","Pins & Brooches",,,,,"50677","10968"
"67681","Jewelry & Watches","Fashion Jewelry","Rings",,,,,"67681","10968"
"140010","Jewelry & Watches","Fashion Jewelry","Toe Rings",,,,,"140010","10968"
"112603","Jewelry & Watches","Fashion Jewelry","Wristbands",,,,,"112603","10968"
"10970","Jewelry & Watches","Fashion Jewelry","Mixed Items & Lots",,,,,"10970","10968"
"499","Jewelry & Watches","Fashion Jewelry","Other",,,,,"499","10968"
"4196","Jewelry & Watches","Fine Jewelry",,,,,,"4196","281"
"101437","Jewelry & Watches","Fine Jewelry","Fine Anklets",,,,,"101437","4196"
"10975","Jewelry & Watches","Fine Jewelry","Fine Bracelets",,,,,"10975","4196"
"10976","Jewelry & Watches","Fine Jewelry","Fine Bracelets","Diamond",,,,"10976","10975"
"164315","Jewelry & Watches","Fine Jewelry","Fine Bracelets","Gemstone",,,,"164315","10975"
"164316","Jewelry & Watches","Fine Jewelry","Fine Bracelets","Pearl",,,,"164316","10975"
"164313","Jewelry & Watches","Fine Jewelry","Fine Bracelets","Precious Metal without Stones",,,,"164313","10975"
"3839","Jewelry & Watches","Fine Jewelry","Fine Bracelets","Other",,,,"3839","10975"
"140956","Jewelry & Watches","Fine Jewelry","Fine Charms & Charm Bracelets",,,,,"140956","4196"
"10985","Jewelry & Watches","Fine Jewelry","Fine Earrings",,,,,"10985","4196"
"10986","Jewelry & Watches","Fine Jewelry","Fine Earrings","Diamond",,,,"10986","10985"
"164321","Jewelry & Watches","Fine Jewelry","Fine Earrings","Gemstone",,,,"164321","10985"
"10990","Jewelry & Watches","Fine Jewelry","Fine Earrings","Pearl",,,,"10990","10985"
"164319","Jewelry & Watches","Fine Jewelry","Fine Earrings","Precious Metal without Stones",,,,"164319","10985"
"10984","Jewelry & Watches","Fine Jewelry","Fine Earrings","Other",,,,"10984","10985"
"164324","Jewelry & Watches","Fine Jewelry","Fine Jewelry Sets",,,,,"164324","4196"
"164326","Jewelry & Watches","Fine Jewelry","Fine Jewelry Sets","Diamonds & Gemstones",,,,"164326","164324"
"164327","Jewelry & Watches","Fine Jewelry","Fine Jewelry Sets","Pearl",,,,"164327","164324"
"164325","Jewelry & Watches","Fine Jewelry","Fine Jewelry Sets","Precious Metal without Stones",,,,"164325","164324"
"164328","Jewelry & Watches","Fine Jewelry","Fine Jewelry Sets","Other",,,,"164328","164324"
"164329","Jewelry & Watches","Fine Jewelry","Fine Necklaces & Pendants",,,,,"164329","4196"
"164331","Jewelry & Watches","Fine Jewelry","Fine Necklaces & Pendants","Diamond",,,,"164331","164329"
"164332","Jewelry & Watches","Fine Jewelry","Fine Necklaces & Pendants","Gemstone",,,,"164332","164329"
"164333","Jewelry & Watches","Fine Jewelry","Fine Necklaces & Pendants","Pearl",,,,"164333","164329"
"164330","Jewelry & Watches","Fine Jewelry","Fine Necklaces & Pendants","Precious Metal without Stones",,,,"164330","164329"
"164334","Jewelry & Watches","Fine Jewelry","Fine Necklaces & Pendants","Other",,,,"164334","164329"
"11008","Jewelry & Watches","Fine Jewelry","Fine Pins & Brooches",,,,,"11008","4196"
"164337","Jewelry & Watches","Fine Jewelry","Fine Pins & Brooches","Diamonds & Gemstones",,,,"164337","11008"
"11013","Jewelry & Watches","Fine Jewelry","Fine Pins & Brooches","Pearl",,,,"11013","11008"
"164336","Jewelry & Watches","Fine Jewelry","Fine Pins & Brooches","Precious Metal without Stones",,,,"164336","11008"
"11007","Jewelry & Watches","Fine Jewelry","Fine Pins & Brooches","Other",,,,"11007","11008"
"67725","Jewelry & Watches","Fine Jewelry","Fine Rings",,,,,"67725","4196"
"67726","Jewelry & Watches","Fine Jewelry","Fine Rings","Diamond",,,,"67726","67725"
"164343","Jewelry & Watches","Fine Jewelry","Fine Rings","Gemstone",,,,"164343","67725"
"11021","Jewelry & Watches","Fine Jewelry","Fine Rings","Pearl",,,,"11021","67725"
"164341","Jewelry & Watches","Fine Jewelry","Fine Rings","Precious Metal without Stones",,,,"164341","67725"
"177030","Jewelry & Watches","Fine Jewelry","Fine Rings","Other",,,,"177030","67725"
"505","Jewelry & Watches","Fine Jewelry","Other",,,,,"505","4196"
"110633","Jewelry & Watches","Handcrafted, Artisan Jewelry",,,,,,"110633","281"
"152806","Jewelry & Watches","Handcrafted, Artisan Jewelry","Altered Art",,,,,"152806","110633"
"110634","Jewelry & Watches","Handcrafted, Artisan Jewelry","Anklets",,,,,"110634","110633"
"110635","Jewelry & Watches","Handcrafted, Artisan Jewelry","Bracelets",,,,,"110635","110633"
"152807","Jewelry & Watches","Handcrafted, Artisan Jewelry","Brooches, Pins",,,,,"152807","110633"
"110645","Jewelry & Watches","Handcrafted, Artisan Jewelry","Earrings",,,,,"110645","110633"
"164350","Jewelry & Watches","Handcrafted, Artisan Jewelry","Eyeglass Chains",,,,,"164350","110633"
"164351","Jewelry & Watches","Handcrafted, Artisan Jewelry","Hair Jewelry",,,,,"164351","110633"
"150143","Jewelry & Watches","Handcrafted, Artisan Jewelry","Lanyards",,,,,"150143","110633"
"110655","Jewelry & Watches","Handcrafted, Artisan Jewelry","Necklaces & Pendants",,,,,"110655","110633"
"110666","Jewelry & Watches","Handcrafted, Artisan Jewelry","Rings",,,,,"110666","110633"
"34071","Jewelry & Watches","Handcrafted, Artisan Jewelry","Sets",,,,,"34071","110633"
"110667","Jewelry & Watches","Handcrafted, Artisan Jewelry","Watches",,,,,"110667","110633"
"12519","Jewelry & Watches","Handcrafted, Artisan Jewelry","Other",,,,,"12519","110633"
"10321","Jewelry & Watches","Jewelry Boxes & Organizers",,,,,,"10321","281"
"3820","Jewelry & Watches","Jewelry Boxes & Organizers","Jewelry Boxes",,,,,"3820","10321"
"164368","Jewelry & Watches","Jewelry Boxes & Organizers","Jewelry Boxes","Enamel",,,,"164368","3820"
"67683","Jewelry & Watches","Jewelry Boxes & Organizers","Jewelry Boxes","Glass, Crystal",,,,"67683","3820"
"67685","Jewelry & Watches","Jewelry Boxes & Organizers","Jewelry Boxes","Leather",,,,"67685","3820"
"67686","Jewelry & Watches","Jewelry Boxes & Organizers","Jewelry Boxes","Porcelain",,,,"67686","3820"
"67687","Jewelry & Watches","Jewelry Boxes & Organizers","Jewelry Boxes","Metal",,,,"67687","3820"
"67688","Jewelry & Watches","Jewelry Boxes & Organizers","Jewelry Boxes","Velvet",,,,"67688","3820"
"67691","Jewelry & Watches","Jewelry Boxes & Organizers","Jewelry Boxes","Wood",,,,"67691","3820"
"11707","Jewelry & Watches","Jewelry Boxes & Organizers","Jewelry Boxes","Other",,,,"11707","3820"
"168159","Jewelry & Watches","Jewelry Boxes & Organizers","Jewelry Holders & Organizers",,,,,"168159","10321"
"168160","Jewelry & Watches","Jewelry Boxes & Organizers","Jewelry Holders & Organizers","Bracelet",,,,"168160","168159"
"168161","Jewelry & Watches","Jewelry Boxes & Organizers","Jewelry Holders & Organizers","Earring",,,,"168161","168159"
"168162","Jewelry & Watches","Jewelry Boxes & Organizers","Jewelry Holders & Organizers","Necklace & Pendant",,,,"168162","168159"
"168163","Jewelry & Watches","Jewelry Boxes & Organizers","Jewelry Holders & Organizers","Ring",,,,"168163","168159"
"168164","Jewelry & Watches","Jewelry Boxes & Organizers","Jewelry Holders & Organizers","Watch",,,,"168164","168159"
"168165","Jewelry & Watches","Jewelry Boxes & Organizers","Jewelry Holders & Organizers","Multi-Purpose",,,,"168165","168159"
"168166","Jewelry & Watches","Jewelry Boxes & Organizers","Jewelry Holders & Organizers","Other",,,,"168166","168159"
"164372","Jewelry & Watches","Jewelry Boxes & Organizers","Other",,,,,"164372","10321"
"164352","Jewelry & Watches","Jewelry Design & Repair",,,,,,"164352","281"
"67720","Jewelry & Watches","Jewelry Design & Repair","Jewelry Cleaners & Polish",,,,,"67720","164352"
"164353","Jewelry & Watches","Jewelry Design & Repair","Jewelry Findings",,,,,"164353","164352"
"67715","Jewelry & Watches","Jewelry Design & Repair","Jewelry Findings","Bead Caps",,,,"67715","164353"
"10322","Jewelry & Watches","Jewelry Design & Repair","Jewelry Findings","Chains",,,,"10322","164353"
"67716","Jewelry & Watches","Jewelry Design & Repair","Jewelry Findings","Clasps & Hooks",,,,"67716","164353"
"67717","Jewelry & Watches","Jewelry Design & Repair","Jewelry Findings","Connectors",,,,"67717","164353"
"67718","Jewelry & Watches","Jewelry Design & Repair","Jewelry Findings","Cord",,,,"67718","164353"
"164354","Jewelry & Watches","Jewelry Design & Repair","Jewelry Findings","Crimp & End Beads",,,,"164354","164353"
"164355","Jewelry & Watches","Jewelry Design & Repair","Jewelry Findings","Jump Rings & Split Rings",,,,"164355","164353"
"67712","Jewelry & Watches","Jewelry Design & Repair","Jewelry Findings","Pins & Needles",,,,"67712","164353"
"67713","Jewelry & Watches","Jewelry Design & Repair","Jewelry Findings","Spacers",,,,"67713","164353"
"67714","Jewelry & Watches","Jewelry Design & Repair","Jewelry Findings","Wire",,,,"67714","164353"
"164356","Jewelry & Watches","Jewelry Design & Repair","Jewelry Findings","Other",,,,"164356","164353"
"67707","Jewelry & Watches","Jewelry Design & Repair","Jewelry Settings",,,,,"67707","164352"
"67708","Jewelry & Watches","Jewelry Design & Repair","Jewelry Settings","Earring",,,,"67708","67707"
"67709","Jewelry & Watches","Jewelry Design & Repair","Jewelry Settings","Pendant",,,,"67709","67707"
"67710","Jewelry & Watches","Jewelry Design & Repair","Jewelry Settings","Ring",,,,"67710","67707"
"12520","Jewelry & Watches","Jewelry Design & Repair","Jewelry Settings","Other",,,,"12520","67707"
"34082","Jewelry & Watches","Jewelry Design & Repair","Jewelry Tools",,,,,"34082","164352"
"179252","Jewelry & Watches","Jewelry Design & Repair","Jewelry Tools","Anvils & Bench Blocks",,,,"179252","34082"
"179253","Jewelry & Watches","Jewelry Design & Repair","Jewelry Tools","Burs & Bits",,,,"179253","34082"
"179254","Jewelry & Watches","Jewelry Design & Repair","Jewelry Tools","Casting Tools",,,,"179254","34082"
"34083","Jewelry & Watches","Jewelry Design & Repair","Jewelry Tools","Engraving Tools",,,,"34083","34082"
"179255","Jewelry & Watches","Jewelry Design & Repair","Jewelry Tools","Files & Rifflers",,,,"179255","34082"
"179256","Jewelry & Watches","Jewelry Design & Repair","Jewelry Tools","Gauges & Stone Measuring",,,,"179256","34082"
"179257","Jewelry & Watches","Jewelry Design & Repair","Jewelry Tools","Hammers",,,,"179257","34082"
"67711","Jewelry & Watches","Jewelry Design & Repair","Jewelry Tools","Jewelry Molds",,,,"67711","34082"
"34084","Jewelry & Watches","Jewelry Design & Repair","Jewelry Tools","Loupes & Magnifiers",,,,"34084","34082"
"34085","Jewelry & Watches","Jewelry Design & Repair","Jewelry Tools","Pliers, Cutters & Shears",,,,"34085","34082"
"179258","Jewelry & Watches","Jewelry Design & Repair","Jewelry Tools","Punches & Stamps",,,,"179258","34082"
"34086","Jewelry & Watches","Jewelry Design & Repair","Jewelry Tools","Ring Sizers & Stretchers",,,,"34086","34082"
"34087","Jewelry & Watches","Jewelry Design & Repair","Jewelry Tools","Rotary Tools & Accessories",,,,"34087","34082"
"179259","Jewelry & Watches","Jewelry Design & Repair","Jewelry Tools","Saws & Blades",,,,"179259","34082"
"34088","Jewelry & Watches","Jewelry Design & Repair","Jewelry Tools","Scales",,,,"34088","34082"
"179260","Jewelry & Watches","Jewelry Design & Repair","Jewelry Tools","Screwdrivers",,,,"179260","34082"
"179261","Jewelry & Watches","Jewelry Design & Repair","Jewelry Tools","Soldering Tools & Accessories",,,,"179261","34082"
"179262","Jewelry & Watches","Jewelry Design & Repair","Jewelry Tools","Testing & Identification Tools",,,,"179262","34082"
"34089","Jewelry & Watches","Jewelry Design & Repair","Jewelry Tools","Tweezers & Pick-Up Tools",,,,"34089","34082"
"179263","Jewelry & Watches","Jewelry Design & Repair","Jewelry Tools","Watch Repair Tools",,,,"179263","34082"
"10323","Jewelry & Watches","Jewelry Design & Repair","Jewelry Tools","Other",,,,"10323","34082"
"67719","Jewelry & Watches","Jewelry Design & Repair","Jewelry Workbenches",,,,,"67719","164352"
"494","Jewelry & Watches","Jewelry Design & Repair","Other",,,,,"494","164352"
"179264","Jewelry & Watches","Loose Beads",,,,,,"179264","281"
"90757","Jewelry & Watches","Loose Beads","Acrylic, Plastic, Lucite",,,,,"90757","179264"
"179265","Jewelry & Watches","Loose Beads","Ceramic, Clay, Porcelain",,,,,"179265","179264"
"179266","Jewelry & Watches","Loose Beads","Cloisonne",,,,,"179266","179264"
"179267","Jewelry & Watches","Loose Beads","Crystal",,,,,"179267","179264"
"34067","Jewelry & Watches","Loose Beads","Fused Glass",,,,,"34067","179264"
"164375","Jewelry & Watches","Loose Beads","Glass, Czech Glass",,,,,"164375","179264"
"179268","Jewelry & Watches","Loose Beads","Lampwork",,,,,"179268","179264"
"179269","Jewelry & Watches","Loose Beads","Metals",,,,,"179269","179264"
"179270","Jewelry & Watches","Loose Beads","Millefiori",,,,,"179270","179264"
"179271","Jewelry & Watches","Loose Beads","Rhinestones",,,,,"179271","179264"
"179272","Jewelry & Watches","Loose Beads","Seed",,,,,"179272","179264"
"14317","Jewelry & Watches","Loose Beads","Shell, Bone, Coral",,,,,"14317","179264"
"179273","Jewelry & Watches","Loose Beads","Stone",,,,,"179273","179264"
"3811","Jewelry & Watches","Loose Beads","Vintage",,,,,"3811","179264"
"179274","Jewelry & Watches","Loose Beads","Wood",,,,,"179274","179264"
"179275","Jewelry & Watches","Loose Beads","Other",,,,,"179275","179264"
"491","Jewelry & Watches","Loose Diamonds & Gemstones",,,,,,"491","281"
"10285","Jewelry & Watches","Loose Diamonds & Gemstones","Cubic Zirconia",,,,,"10285","491"
"10210","Jewelry & Watches","Loose Diamonds & Gemstones","Loose Diamonds",,,,,"10210","491"
"3824","Jewelry & Watches","Loose Diamonds & Gemstones","Loose Diamonds","Natural Diamonds",,,,"3824","10210"
"152810","Jewelry & Watches","Loose Diamonds & Gemstones","Loose Diamonds","Enhanced Natural Diamonds",,,,"152810","10210"
"152823","Jewelry & Watches","Loose Diamonds & Gemstones","Loose Diamonds","Lab-Created Diamonds",,,,"152823","10210"
"110733","Jewelry & Watches","Loose Diamonds & Gemstones","Loose Diamonds","Rough Natural Diamonds",,,,"110733","10210"
"110742","Jewelry & Watches","Loose Diamonds & Gemstones","Loose Gemstones",,,,,"110742","491"
"10185","Jewelry & Watches","Loose Diamonds & Gemstones","Loose Gemstones","Agate",,,,"10185","110742"
"10190","Jewelry & Watches","Loose Diamonds & Gemstones","Loose Gemstones","Alexandrite",,,,"10190","110742"
"10191","Jewelry & Watches","Loose Diamonds & Gemstones","Loose Gemstones","Amber",,,,"10191","110742"
"10192","Jewelry & Watches","Loose Diamonds & Gemstones","Loose Gemstones","Amethyst",,,,"10192","110742"
"110786","Jewelry & Watches","Loose Diamonds & Gemstones","Loose Gemstones","Ametrine",,,,"110786","110742"
"164391","Jewelry & Watches","Loose Diamonds & Gemstones","Loose Gemstones","Ammolite",,,,"164391","110742"
"110787","Jewelry & Watches","Loose Diamonds & Gemstones","Loose Gemstones","Apatite",,,,"110787","110742"
"10200","Jewelry & Watches","Loose Diamonds & Gemstones","Loose Gemstones","Aquamarine",,,,"10200","110742"
"110788","Jewelry & Watches","Loose Diamonds & Gemstones","Loose Gemstones","Aventurine",,,,"110788","110742"
"110789","Jewelry & Watches","Loose Diamonds & Gemstones","Loose Gemstones","Beryl",,,,"110789","110742"
"110790","Jewelry & Watches","Loose Diamonds & Gemstones","Loose Gemstones","Carnelian",,,,"110790","110742"
"110791","Jewelry & Watches","Loose Diamonds & Gemstones","Loose Gemstones","Chalcedony",,,,"110791","110742"
"110792","Jewelry & Watches","Loose Diamonds & Gemstones","Loose Gemstones","Chrysoberyl",,,,"110792","110742"
"10205","Jewelry & Watches","Loose Diamonds & Gemstones","Loose Gemstones","Citrine",,,,"10205","110742"
"110793","Jewelry & Watches","Loose Diamonds & Gemstones","Loose Gemstones","Coral",,,,"110793","110742"
"164392","Jewelry & Watches","Loose Diamonds & Gemstones","Loose Gemstones","Diaspore",,,,"164392","110742"
"110794","Jewelry & Watches","Loose Diamonds & Gemstones","Loose Gemstones","Diopside",,,,"110794","110742"
"10218","Jewelry & Watches","Loose Diamonds & Gemstones","Loose Gemstones","Emerald",,,,"10218","110742"
"3825","Jewelry & Watches","Loose Diamonds & Gemstones","Loose Gemstones","Emerald","Natural",,,"3825","10218"
"122956","Jewelry & Watches","Loose Diamonds & Gemstones","Loose Gemstones","Emerald","Lab-Created",,,"122956","10218"
"164398","Jewelry & Watches","Loose Diamonds & Gemstones","Loose Gemstones","Emerald","Other",,,"164398","10218"
"110796","Jewelry & Watches","Loose Diamonds & Gemstones","Loose Gemstones","Fluorite",,,,"110796","110742"
"10225","Jewelry & Watches","Loose Diamonds & Gemstones","Loose Gemstones","Garnet",,,,"10225","110742"
"110804","Jewelry & Watches","Loose Diamonds & Gemstones","Loose Gemstones","Garnet","Demantoid",,,"110804","10225"
"110805","Jewelry & Watches","Loose Diamonds & Gemstones","Loose Gemstones","Garnet","Hessonite",,,"110805","10225"
"110806","Jewelry & Watches","Loose Diamonds & Gemstones","Loose Gemstones","Garnet","Pyrope",,,"110806","10225"
"110807","Jewelry & Watches","Loose Diamonds & Gemstones","Loose Gemstones","Garnet","Rhodolite",,,"110807","10225"
"110808","Jewelry & Watches","Loose Diamonds & Gemstones","Loose Gemstones","Garnet","Spessartine",,,"110808","10225"
"110809","Jewelry & Watches","Loose Diamonds & Gemstones","Loose Gemstones","Garnet","Tsavorite",,,"110809","10225"
"10224","Jewelry & Watches","Loose Diamonds & Gemstones","Loose Gemstones","Garnet","Other",,,"10224","10225"
"69173","Jewelry & Watches","Loose Diamonds & Gemstones","Loose Gemstones","Hematite",,,,"69173","110742"
"26322","Jewelry & Watches","Loose Diamonds & Gemstones","Loose Gemstones","Iolite",,,,"26322","110742"
"10232","Jewelry & Watches","Loose Diamonds & Gemstones","Loose Gemstones","Jade",,,,"10232","110742"
"10233","Jewelry & Watches","Loose Diamonds & Gemstones","Loose Gemstones","Jade","Cabochon",,,"10233","10232"
"10234","Jewelry & Watches","Loose Diamonds & Gemstones","Loose Gemstones","Jade","Carved",,,"10234","10232"
"10231","Jewelry & Watches","Loose Diamonds & Gemstones","Loose Gemstones","Jade","Other",,,"10231","10232"
"110797","Jewelry & Watches","Loose Diamonds & Gemstones","Loose Gemstones","Jasper",,,,"110797","110742"
"168167","Jewelry & Watches","Loose Diamonds & Gemstones","Loose Gemstones","Kornerupine",,,,"168167","110742"
"110798","Jewelry & Watches","Loose Diamonds & Gemstones","Loose Gemstones","Kunzite",,,,"110798","110742"
"110799","Jewelry & Watches","Loose Diamonds & Gemstones","Loose Gemstones","Kyanite",,,,"110799","110742"
"164393","Jewelry & Watches","Loose Diamonds & Gemstones","Loose Gemstones","Labradorite",,,,"164393","110742"
"10235","Jewelry & Watches","Loose Diamonds & Gemstones","Loose Gemstones","Lapis",,,,"10235","110742"
"10236","Jewelry & Watches","Loose Diamonds & Gemstones","Loose Gemstones","Malachite",,,,"10236","110742"
"110800","Jewelry & Watches","Loose Diamonds & Gemstones","Loose Gemstones","Moissanite",,,,"110800","110742"
"110801","Jewelry & Watches","Loose Diamonds & Gemstones","Loose Gemstones","Moldavite",,,,"110801","110742"
"10237","Jewelry & Watches","Loose Diamonds & Gemstones","Loose Gemstones","Moonstone",,,,"10237","110742"
"110802","Jewelry & Watches","Loose Diamonds & Gemstones","Loose Gemstones","Morganite",,,,"110802","110742"
"110803","Jewelry & Watches","Loose Diamonds & Gemstones","Loose Gemstones","Obsidian",,,,"110803","110742"
"10238","Jewelry & Watches","Loose Diamonds & Gemstones","Loose Gemstones","Onyx",,,,"10238","110742"
"10239","Jewelry & Watches","Loose Diamonds & Gemstones","Loose Gemstones","Opal",,,,"10239","110742"
"10240","Jewelry & Watches","Loose Diamonds & Gemstones","Loose Gemstones","Opal","Doublets",,,"10240","10239"
"164399","Jewelry & Watches","Loose Diamonds & Gemstones","Loose Gemstones","Opal","Rough",,,"164399","10239"
"110810","Jewelry & Watches","Loose Diamonds & Gemstones","Loose Gemstones","Opal","Solid",,,"110810","10239"
"10241","Jewelry & Watches","Loose Diamonds & Gemstones","Loose Gemstones","Opal","Triplets",,,"10241","10239"
"3826","Jewelry & Watches","Loose Diamonds & Gemstones","Loose Gemstones","Opal","Other",,,"3826","10239"
"10244","Jewelry & Watches","Loose Diamonds & Gemstones","Loose Gemstones","Pearl",,,,"10244","110742"
"164401","Jewelry & Watches","Loose Diamonds & Gemstones","Loose Gemstones","Pearl","Naturally Colored",,,"164401","10244"
"110851","Jewelry & Watches","Loose Diamonds & Gemstones","Loose Gemstones","Pearl","Akoya",,,"110851","10244"
"10246","Jewelry & Watches","Loose Diamonds & Gemstones","Loose Gemstones","Pearl","Freshwater",,,"10246","10244"
"110852","Jewelry & Watches","Loose Diamonds & Gemstones","Loose Gemstones","Pearl","South Sea",,,"110852","10244"
"10245","Jewelry & Watches","Loose Diamonds & Gemstones","Loose Gemstones","Pearl","Tahitian",,,"10245","10244"
"164400","Jewelry & Watches","Loose Diamonds & Gemstones","Loose Gemstones","Pearl","Dyed or Irradiated",,,"164400","10244"
"10243","Jewelry & Watches","Loose Diamonds & Gemstones","Loose Gemstones","Pearl","Other",,,"10243","10244"
"10247","Jewelry & Watches","Loose Diamonds & Gemstones","Loose Gemstones","Peridot",,,,"10247","110742"
"10252","Jewelry & Watches","Loose Diamonds & Gemstones","Loose Gemstones","Quartz",,,,"10252","110742"
"110848","Jewelry & Watches","Loose Diamonds & Gemstones","Loose Gemstones","Rough, Specimen",,,,"110848","110742"
"110849","Jewelry & Watches","Loose Diamonds & Gemstones","Loose Gemstones","Rough, Specimen","Cab Rough",,,"110849","110848"
"110850","Jewelry & Watches","Loose Diamonds & Gemstones","Loose Gemstones","Rough, Specimen","Facet Rough",,,"110850","110848"
"493","Jewelry & Watches","Loose Diamonds & Gemstones","Loose Gemstones","Rough, Specimen","Specimen",,,"493","110848"
"10254","Jewelry & Watches","Loose Diamonds & Gemstones","Loose Gemstones","Ruby",,,,"10254","110742"
"3827","Jewelry & Watches","Loose Diamonds & Gemstones","Loose Gemstones","Ruby","Natural",,,"3827","10254"
"122957","Jewelry & Watches","Loose Diamonds & Gemstones","Loose Gemstones","Ruby","Lab-Created",,,"122957","10254"
"164406","Jewelry & Watches","Loose Diamonds & Gemstones","Loose Gemstones","Ruby","Other",,,"164406","10254"
"10259","Jewelry & Watches","Loose Diamonds & Gemstones","Loose Gemstones","Sapphire",,,,"10259","110742"
"4644","Jewelry & Watches","Loose Diamonds & Gemstones","Loose Gemstones","Sapphire","Natural",,,"4644","10259"
"122958","Jewelry & Watches","Loose Diamonds & Gemstones","Loose Gemstones","Sapphire","Lab-Created",,,"122958","10259"
"164408","Jewelry & Watches","Loose Diamonds & Gemstones","Loose Gemstones","Sapphire","Other",,,"164408","10259"
"69179","Jewelry & Watches","Loose Diamonds & Gemstones","Loose Gemstones","Sodalite",,,,"69179","110742"
"164394","Jewelry & Watches","Loose Diamonds & Gemstones","Loose Gemstones","Sphene, Titanite",,,,"164394","110742"
"110873","Jewelry & Watches","Loose Diamonds & Gemstones","Loose Gemstones","Spinel",,,,"110873","110742"
"69181","Jewelry & Watches","Loose Diamonds & Gemstones","Loose Gemstones","Sugilite",,,,"69181","110742"
"164395","Jewelry & Watches","Loose Diamonds & Gemstones","Loose Gemstones","Sunstone",,,,"164395","110742"
"4195","Jewelry & Watches","Loose Diamonds & Gemstones","Loose Gemstones","Tanzanite",,,,"4195","110742"
"10270","Jewelry & Watches","Loose Diamonds & Gemstones","Loose Gemstones","Topaz",,,,"10270","110742"
"10278","Jewelry & Watches","Loose Diamonds & Gemstones","Loose Gemstones","Tourmaline",,,,"10278","110742"
"10284","Jewelry & Watches","Loose Diamonds & Gemstones","Loose Gemstones","Turquoise",,,,"10284","110742"
"10286","Jewelry & Watches","Loose Diamonds & Gemstones","Loose Gemstones","Zircon",,,,"10286","110742"
"93707","Jewelry & Watches","Loose Diamonds & Gemstones","Loose Gemstones","Mixed Lots",,,,"93707","110742"
"164396","Jewelry & Watches","Loose Diamonds & Gemstones","Loose Gemstones","Vintage",,,,"164396","110742"
"282","Jewelry & Watches","Loose Diamonds & Gemstones","Loose Gemstones","Other",,,,"282","110742"
"169310","Jewelry & Watches","Loose Diamonds & Gemstones","Other",,,,,"169310","491"
"10290","Jewelry & Watches","Men's Jewelry",,,,,,"10290","281"
"10292","Jewelry & Watches","Men's Jewelry","Bolo Ties",,,,,"10292","10290"
"137835","Jewelry & Watches","Men's Jewelry","Bracelets",,,,,"137835","10290"
"137839","Jewelry & Watches","Men's Jewelry","Chains, Necklaces & Pendants",,,,,"137839","10290"
"137843","Jewelry & Watches","Men's Jewelry","Cufflinks",,,,,"137843","10290"
"14085","Jewelry & Watches","Men's Jewelry","Earrings, Studs",,,,,"14085","10290"
"60115","Jewelry & Watches","Men's Jewelry","Lapel Pins",,,,,"60115","10290"
"60120","Jewelry & Watches","Men's Jewelry","Money Clips",,,,,"60120","10290"
"137856","Jewelry & Watches","Men's Jewelry","Rings",,,,,"137856","10290"
"10298","Jewelry & Watches","Men's Jewelry","Tie Clasps & Tacks",,,,,"10298","10290"
"177770","Jewelry & Watches","Men's Jewelry","Other",,,,,"177770","10290"
"48579","Jewelry & Watches","Vintage & Antique Jewelry",,,,,,"48579","281"
"500","Jewelry & Watches","Vintage & Antique Jewelry","Costume",,,,,"500","48579"
"58558","Jewelry & Watches","Vintage & Antique Jewelry","Costume","Georgian, Pre-1837",,,,"58558","500"
"58561","Jewelry & Watches","Vintage & Antique Jewelry","Costume","Victorian, Edwardian 1837-1910",,,,"58561","500"
"164950","Jewelry & Watches","Vintage & Antique Jewelry","Costume","Victorian, Edwardian 1837-1910","Bracelets",,,"164950","58561"
"3829","Jewelry & Watches","Vintage & Antique Jewelry","Costume","Victorian, Edwardian 1837-1910","Cameos",,,"3829","58561"
"168187","Jewelry & Watches","Vintage & Antique Jewelry","Costume","Victorian, Edwardian 1837-1910","Dress & Scarf Clips",,,"168187","58561"
"164951","Jewelry & Watches","Vintage & Antique Jewelry","Costume","Victorian, Edwardian 1837-1910","Earrings",,,"164951","58561"
"3849","Jewelry & Watches","Vintage & Antique Jewelry","Costume","Victorian, Edwardian 1837-1910","Mourning",,,"3849","58561"
"164952","Jewelry & Watches","Vintage & Antique Jewelry","Costume","Victorian, Edwardian 1837-1910","Necklaces & Pendants",,,"164952","58561"
"164953","Jewelry & Watches","Vintage & Antique Jewelry","Costume","Victorian, Edwardian 1837-1910","Pins, Brooches",,,"164953","58561"
"164954","Jewelry & Watches","Vintage & Antique Jewelry","Costume","Victorian, Edwardian 1837-1910","Rings",,,"164954","58561"
"168188","Jewelry & Watches","Vintage & Antique Jewelry","Costume","Victorian, Edwardian 1837-1910","Sets",,,"168188","58561"
"164955","Jewelry & Watches","Vintage & Antique Jewelry","Costume","Victorian, Edwardian 1837-1910","Collections, Lots",,,"164955","58561"
"514","Jewelry & Watches","Vintage & Antique Jewelry","Costume","Victorian, Edwardian 1837-1910","Other",,,"514","58561"
"58560","Jewelry & Watches","Vintage & Antique Jewelry","Costume","Art Nouveau/Art Deco 1895-1935",,,,"58560","500"
"164943","Jewelry & Watches","Vintage & Antique Jewelry","Costume","Art Nouveau/Art Deco 1895-1935","Bracelets",,,"164943","58560"
"164944","Jewelry & Watches","Vintage & Antique Jewelry","Costume","Art Nouveau/Art Deco 1895-1935","Cameos",,,"164944","58560"
"168185","Jewelry & Watches","Vintage & Antique Jewelry","Costume","Art Nouveau/Art Deco 1895-1935","Dress & Scarf Clips",,,"168185","58560"
"164945","Jewelry & Watches","Vintage & Antique Jewelry","Costume","Art Nouveau/Art Deco 1895-1935","Earrings",,,"164945","58560"
"164946","Jewelry & Watches","Vintage & Antique Jewelry","Costume","Art Nouveau/Art Deco 1895-1935","Necklaces & Pendants",,,"164946","58560"
"164947","Jewelry & Watches","Vintage & Antique Jewelry","Costume","Art Nouveau/Art Deco 1895-1935","Pins, Brooches",,,"164947","58560"
"164948","Jewelry & Watches","Vintage & Antique Jewelry","Costume","Art Nouveau/Art Deco 1895-1935","Rings",,,"164948","58560"
"168186","Jewelry & Watches","Vintage & Antique Jewelry","Costume","Art Nouveau/Art Deco 1895-1935","Sets",,,"168186","58560"
"164949","Jewelry & Watches","Vintage & Antique Jewelry","Costume","Art Nouveau/Art Deco 1895-1935","Collections, Lots",,,"164949","58560"
"10967","Jewelry & Watches","Vintage & Antique Jewelry","Costume","Art Nouveau/Art Deco 1895-1935","Other",,,"10967","58560"
"58559","Jewelry & Watches","Vintage & Antique Jewelry","Costume","Retro, Vintage 1930s-1980s",,,,"58559","500"
"165885","Jewelry & Watches","Vintage & Antique Jewelry","Costume","Retro, Vintage 1930s-1980s","Bracelets",,,"165885","58559"
"168181","Jewelry & Watches","Vintage & Antique Jewelry","Costume","Retro, Vintage 1930s-1980s","Cameos",,,"168181","58559"
"168182","Jewelry & Watches","Vintage & Antique Jewelry","Costume","Retro, Vintage 1930s-1980s","Dress & Scarf Clips",,,"168182","58559"
"165886","Jewelry & Watches","Vintage & Antique Jewelry","Costume","Retro, Vintage 1930s-1980s","Earrings",,,"165886","58559"
"165887","Jewelry & Watches","Vintage & Antique Jewelry","Costume","Retro, Vintage 1930s-1980s","Necklaces & Pendants",,,"165887","58559"
"165888","Jewelry & Watches","Vintage & Antique Jewelry","Costume","Retro, Vintage 1930s-1980s","Pins, Brooches",,,"165888","58559"
"165889","Jewelry & Watches","Vintage & Antique Jewelry","Costume","Retro, Vintage 1930s-1980s","Rings",,,"165889","58559"
"168183","Jewelry & Watches","Vintage & Antique Jewelry","Costume","Retro, Vintage 1930s-1980s","Sets",,,"168183","58559"
"10972","Jewelry & Watches","Vintage & Antique Jewelry","Costume","Retro, Vintage 1930s-1980s","Collections, Lots",,,"10972","58559"
"291","Jewelry & Watches","Vintage & Antique Jewelry","Costume","Retro, Vintage 1930s-1980s","Other",,,"291","58559"
"165878","Jewelry & Watches","Vintage & Antique Jewelry","Costume","Bakelite, Vintage Plastics",,,,"165878","500"
"165879","Jewelry & Watches","Vintage & Antique Jewelry","Costume","Bakelite, Vintage Plastics","Bracelets",,,"165879","165878"
"168177","Jewelry & Watches","Vintage & Antique Jewelry","Costume","Bakelite, Vintage Plastics","Cameos",,,"168177","165878"
"168178","Jewelry & Watches","Vintage & Antique Jewelry","Costume","Bakelite, Vintage Plastics","Dress & Scarf Clips",,,"168178","165878"
"165880","Jewelry & Watches","Vintage & Antique Jewelry","Costume","Bakelite, Vintage Plastics","Earrings",,,"165880","165878"
"165881","Jewelry & Watches","Vintage & Antique Jewelry","Costume","Bakelite, Vintage Plastics","Necklaces & Pendants",,,"165881","165878"
"165882","Jewelry & Watches","Vintage & Antique Jewelry","Costume","Bakelite, Vintage Plastics","Pins, Brooches",,,"165882","165878"
"165883","Jewelry & Watches","Vintage & Antique Jewelry","Costume","Bakelite, Vintage Plastics","Rings",,,"165883","165878"
"168179","Jewelry & Watches","Vintage & Antique Jewelry","Costume","Bakelite, Vintage Plastics","Sets",,,"168179","165878"
"502","Jewelry & Watches","Vintage & Antique Jewelry","Costume","Bakelite, Vintage Plastics","Other",,,"502","165878"
"165890","Jewelry & Watches","Vintage & Antique Jewelry","Costume","Designer, Signed",,,,"165890","500"
"165891","Jewelry & Watches","Vintage & Antique Jewelry","Costume","Designer, Signed","Bracelets",,,"165891","165890"
"168180","Jewelry & Watches","Vintage & Antique Jewelry","Costume","Designer, Signed","Cameos",,,"168180","165890"
"165892","Jewelry & Watches","Vintage & Antique Jewelry","Costume","Designer, Signed","Earrings",,,"165892","165890"
"165893","Jewelry & Watches","Vintage & Antique Jewelry","Costume","Designer, Signed","Necklaces & Pendants",,,"165893","165890"
"165894","Jewelry & Watches","Vintage & Antique Jewelry","Costume","Designer, Signed","Pins, Brooches",,,"165894","165890"
"165895","Jewelry & Watches","Vintage & Antique Jewelry","Costume","Designer, Signed","Rings",,,"165895","165890"
"165896","Jewelry & Watches","Vintage & Antique Jewelry","Costume","Designer, Signed","Sets",,,"165896","165890"
"10974","Jewelry & Watches","Vintage & Antique Jewelry","Costume","Designer, Signed","Other",,,"10974","165890"
"165921","Jewelry & Watches","Vintage & Antique Jewelry","Costume","Men's Vintage Costume Jewelry",,,,"165921","500"
"165922","Jewelry & Watches","Vintage & Antique Jewelry","Costume","Unknown Period",,,,"165922","500"
"165923","Jewelry & Watches","Vintage & Antique Jewelry","Costume","Unknown Period","Bracelets",,,"165923","165922"
"168184","Jewelry & Watches","Vintage & Antique Jewelry","Costume","Unknown Period","Dress & Scarf Clips",,,"168184","165922"
"165924","Jewelry & Watches","Vintage & Antique Jewelry","Costume","Unknown Period","Earrings",,,"165924","165922"
"165925","Jewelry & Watches","Vintage & Antique Jewelry","Costume","Unknown Period","Necklaces & Pendants",,,"165925","165922"
"165926","Jewelry & Watches","Vintage & Antique Jewelry","Costume","Unknown Period","Pins, Brooches",,,"165926","165922"
"165927","Jewelry & Watches","Vintage & Antique Jewelry","Costume","Unknown Period","Rings",,,"165927","165922"
"165928","Jewelry & Watches","Vintage & Antique Jewelry","Costume","Unknown Period","Sets",,,"165928","165922"
"101497","Jewelry & Watches","Vintage & Antique Jewelry","Costume","Unknown Period","Other",,,"101497","165922"
"289","Jewelry & Watches","Vintage & Antique Jewelry","Costume","Other",,,,"289","500"
"12595","Jewelry & Watches","Vintage & Antique Jewelry","Fine",,,,,"12595","48579"
"52562","Jewelry & Watches","Vintage & Antique Jewelry","Fine","Charms & Charm Bracelets",,,,"52562","12595"
"58551","Jewelry & Watches","Vintage & Antique Jewelry","Fine","Georgian, Pre-1837",,,,"58551","12595"
"58552","Jewelry & Watches","Vintage & Antique Jewelry","Fine","Victorian, Edwardian 1837-1910",,,,"58552","12595"
"164979","Jewelry & Watches","Vintage & Antique Jewelry","Fine","Victorian, Edwardian 1837-1910","Bracelets",,,"164979","58552"
"164977","Jewelry & Watches","Vintage & Antique Jewelry","Fine","Victorian, Edwardian 1837-1910","Cameos",,,"164977","58552"
"164980","Jewelry & Watches","Vintage & Antique Jewelry","Fine","Victorian, Edwardian 1837-1910","Earrings",,,"164980","58552"
"164976","Jewelry & Watches","Vintage & Antique Jewelry","Fine","Victorian, Edwardian 1837-1910","Mourning Jewelry",,,"164976","58552"
"164981","Jewelry & Watches","Vintage & Antique Jewelry","Fine","Victorian, Edwardian 1837-1910","Necklaces & Pendants",,,"164981","58552"
"164982","Jewelry & Watches","Vintage & Antique Jewelry","Fine","Victorian, Edwardian 1837-1910","Pins, Brooches",,,"164982","58552"
"164983","Jewelry & Watches","Vintage & Antique Jewelry","Fine","Victorian, Edwardian 1837-1910","Rings",,,"164983","58552"
"168168","Jewelry & Watches","Vintage & Antique Jewelry","Fine","Victorian, Edwardian 1837-1910","Sets",,,"168168","58552"
"52570","Jewelry & Watches","Vintage & Antique Jewelry","Fine","Victorian, Edwardian 1837-1910","Other",,,"52570","58552"
"58555","Jewelry & Watches","Vintage & Antique Jewelry","Fine","Art Nouveau/Art Deco 1895-1935",,,,"58555","12595"
"165010","Jewelry & Watches","Vintage & Antique Jewelry","Fine","Art Nouveau/Art Deco 1895-1935","Bracelets",,,"165010","58555"
"165008","Jewelry & Watches","Vintage & Antique Jewelry","Fine","Art Nouveau/Art Deco 1895-1935","Cameos",,,"165008","58555"
"165011","Jewelry & Watches","Vintage & Antique Jewelry","Fine","Art Nouveau/Art Deco 1895-1935","Earrings",,,"165011","58555"
"165012","Jewelry & Watches","Vintage & Antique Jewelry","Fine","Art Nouveau/Art Deco 1895-1935","Necklaces & Pendants",,,"165012","58555"
"165013","Jewelry & Watches","Vintage & Antique Jewelry","Fine","Art Nouveau/Art Deco 1895-1935","Pins, Brooches",,,"165013","58555"
"165014","Jewelry & Watches","Vintage & Antique Jewelry","Fine","Art Nouveau/Art Deco 1895-1935","Rings",,,"165014","58555"
"168169","Jewelry & Watches","Vintage & Antique Jewelry","Fine","Art Nouveau/Art Deco 1895-1935","Sets",,,"168169","58555"
"58553","Jewelry & Watches","Vintage & Antique Jewelry","Fine","Art Nouveau/Art Deco 1895-1935","Other",,,"58553","58555"
"58557","Jewelry & Watches","Vintage & Antique Jewelry","Fine","Retro, Vintage 1930s-1980s",,,,"58557","12595"
"165040","Jewelry & Watches","Vintage & Antique Jewelry","Fine","Retro, Vintage 1930s-1980s","Bracelets",,,"165040","58557"
"165069","Jewelry & Watches","Vintage & Antique Jewelry","Fine","Retro, Vintage 1930s-1980s","Cameos",,,"165069","58557"
"168170","Jewelry & Watches","Vintage & Antique Jewelry","Fine","Retro, Vintage 1930s-1980s","Dress & Scarf Clips",,,"168170","58557"
"165041","Jewelry & Watches","Vintage & Antique Jewelry","Fine","Retro, Vintage 1930s-1980s","Earrings",,,"165041","58557"
"165042","Jewelry & Watches","Vintage & Antique Jewelry","Fine","Retro, Vintage 1930s-1980s","Necklaces & Pendants",,,"165042","58557"
"165043","Jewelry & Watches","Vintage & Antique Jewelry","Fine","Retro, Vintage 1930s-1980s","Pins, Brooches",,,"165043","58557"
"165044","Jewelry & Watches","Vintage & Antique Jewelry","Fine","Retro, Vintage 1930s-1980s","Rings",,,"165044","58557"
"168171","Jewelry & Watches","Vintage & Antique Jewelry","Fine","Retro, Vintage 1930s-1980s","Sets",,,"168171","58557"
"91438","Jewelry & Watches","Vintage & Antique Jewelry","Fine","Retro, Vintage 1930s-1980s","Other",,,"91438","58557"
"165070","Jewelry & Watches","Vintage & Antique Jewelry","Fine","Designer, Signed",,,,"165070","12595"
"165072","Jewelry & Watches","Vintage & Antique Jewelry","Fine","Designer, Signed","Bracelets",,,"165072","165070"
"165073","Jewelry & Watches","Vintage & Antique Jewelry","Fine","Designer, Signed","Earrings",,,"165073","165070"
"165074","Jewelry & Watches","Vintage & Antique Jewelry","Fine","Designer, Signed","Necklaces & Pendants",,,"165074","165070"
"165075","Jewelry & Watches","Vintage & Antique Jewelry","Fine","Designer, Signed","Pins, Brooches",,,"165075","165070"
"165076","Jewelry & Watches","Vintage & Antique Jewelry","Fine","Designer, Signed","Rings",,,"165076","165070"
"168172","Jewelry & Watches","Vintage & Antique Jewelry","Fine","Designer, Signed","Sets",,,"168172","165070"
"52568","Jewelry & Watches","Vintage & Antique Jewelry","Fine","Designer, Signed","Other",,,"52568","165070"
"52576","Jewelry & Watches","Vintage & Antique Jewelry","Fine","Men's Vintage Fine Jewelry",,,,"52576","12595"
"101495","Jewelry & Watches","Vintage & Antique Jewelry","Fine","Unknown Period",,,,"101495","12595"
"165102","Jewelry & Watches","Vintage & Antique Jewelry","Fine","Unknown Period","Bracelets",,,"165102","101495"
"52561","Jewelry & Watches","Vintage & Antique Jewelry","Fine","Unknown Period","Cameos",,,"52561","101495"
"165104","Jewelry & Watches","Vintage & Antique Jewelry","Fine","Unknown Period","Earrings",,,"165104","101495"
"165105","Jewelry & Watches","Vintage & Antique Jewelry","Fine","Unknown Period","Necklaces & Pendants",,,"165105","101495"
"165106","Jewelry & Watches","Vintage & Antique Jewelry","Fine","Unknown Period","Pins, Brooches",,,"165106","101495"
"165107","Jewelry & Watches","Vintage & Antique Jewelry","Fine","Unknown Period","Rings",,,"165107","101495"
"168173","Jewelry & Watches","Vintage & Antique Jewelry","Fine","Unknown Period","Sets",,,"168173","101495"
"45399","Jewelry & Watches","Vintage & Antique Jewelry","Fine","Unknown Period","Other",,,"45399","101495"
"91440","Jewelry & Watches","Vintage & Antique Jewelry","Fine","Other",,,,"91440","12595"
"165133","Jewelry & Watches","Vintage & Antique Jewelry","Vintage Ethnic/Regional/Tribal",,,,,"165133","48579"
"165134","Jewelry & Watches","Vintage & Antique Jewelry","Vintage Ethnic/Regional/Tribal","African",,,,"165134","165133"
"165135","Jewelry & Watches","Vintage & Antique Jewelry","Vintage Ethnic/Regional/Tribal","Asian & East Indian",,,,"165135","165133"
"165136","Jewelry & Watches","Vintage & Antique Jewelry","Vintage Ethnic/Regional/Tribal","Celtic",,,,"165136","165133"
"52609","Jewelry & Watches","Vintage & Antique Jewelry","Vintage Ethnic/Regional/Tribal","Mexican, Latin American",,,,"52609","165133"
"166735","Jewelry & Watches","Vintage & Antique Jewelry","Vintage Ethnic/Regional/Tribal","Middle Eastern",,,,"166735","165133"
"165137","Jewelry & Watches","Vintage & Antique Jewelry","Vintage Ethnic/Regional/Tribal","Native American (pre-1935)",,,,"165137","165133"
"165138","Jewelry & Watches","Vintage & Antique Jewelry","Vintage Ethnic/Regional/Tribal","Pacific Islands",,,,"165138","165133"
"165140","Jewelry & Watches","Vintage & Antique Jewelry","Vintage Ethnic/Regional/Tribal","Russian",,,,"165140","165133"
"52610","Jewelry & Watches","Vintage & Antique Jewelry","Vintage Ethnic/Regional/Tribal","Scandinavian",,,,"52610","165133"
"165139","Jewelry & Watches","Vintage & Antique Jewelry","Vintage Ethnic/Regional/Tribal","Southwestern",,,,"165139","165133"
"165141","Jewelry & Watches","Vintage & Antique Jewelry","Vintage Ethnic/Regional/Tribal","Other",,,,"165141","165133"
"166736","Jewelry & Watches","Vintage & Antique Jewelry","Vintage Handcrafted, Artisan",,,,,"166736","48579"
"48581","Jewelry & Watches","Vintage & Antique Jewelry","New, Vintage Reproductions",,,,,"48581","48579"
"52592","Jewelry & Watches","Vintage & Antique Jewelry","New, Vintage Reproductions","Costume",,,,"52592","48581"
"113465","Jewelry & Watches","Vintage & Antique Jewelry","New, Vintage Reproductions","Costume","Bracelets",,,"113465","52592"
"113466","Jewelry & Watches","Vintage & Antique Jewelry","New, Vintage Reproductions","Costume","Charms & Charm Bracelets",,,"113466","52592"
"113467","Jewelry & Watches","Vintage & Antique Jewelry","New, Vintage Reproductions","Costume","Earrings",,,"113467","52592"
"165142","Jewelry & Watches","Vintage & Antique Jewelry","New, Vintage Reproductions","Costume","Findings & Stampings",,,"165142","52592"
"165143","Jewelry & Watches","Vintage & Antique Jewelry","New, Vintage Reproductions","Costume","Hair Jewelry",,,"165143","52592"
"113468","Jewelry & Watches","Vintage & Antique Jewelry","New, Vintage Reproductions","Costume","Necklaces & Pendants",,,"113468","52592"
"113469","Jewelry & Watches","Vintage & Antique Jewelry","New, Vintage Reproductions","Costume","Pins, Brooches",,,"113469","52592"
"113470","Jewelry & Watches","Vintage & Antique Jewelry","New, Vintage Reproductions","Costume","Rings",,,"113470","52592"
"168174","Jewelry & Watches","Vintage & Antique Jewelry","New, Vintage Reproductions","Costume","Sets",,,"168174","52592"
"52596","Jewelry & Watches","Vintage & Antique Jewelry","New, Vintage Reproductions","Costume","Other",,,"52596","52592"
"52597","Jewelry & Watches","Vintage & Antique Jewelry","New, Vintage Reproductions","Fine",,,,"52597","48581"
"52598","Jewelry & Watches","Vintage & Antique Jewelry","New, Vintage Reproductions","Fine","Bracelets",,,"52598","52597"
"113471","Jewelry & Watches","Vintage & Antique Jewelry","New, Vintage Reproductions","Fine","Charms & Charm Bracelets",,,"113471","52597"
"52599","Jewelry & Watches","Vintage & Antique Jewelry","New, Vintage Reproductions","Fine","Earrings",,,"52599","52597"
"52600","Jewelry & Watches","Vintage & Antique Jewelry","New, Vintage Reproductions","Fine","Necklaces & Pendants",,,"52600","52597"
"52602","Jewelry & Watches","Vintage & Antique Jewelry","New, Vintage Reproductions","Fine","Pins, Brooches",,,"52602","52597"
"52603","Jewelry & Watches","Vintage & Antique Jewelry","New, Vintage Reproductions","Fine","Rings",,,"52603","52597"
"168175","Jewelry & Watches","Vintage & Antique Jewelry","New, Vintage Reproductions","Fine","Sets",,,"168175","52597"
"48583","Jewelry & Watches","Vintage & Antique Jewelry","New, Vintage Reproductions","Fine","Other",,,"48583","52597"
"168176","Jewelry & Watches","Vintage & Antique Jewelry","Jewelry for Parts or Repair",,,,,"168176","48579"
"171122","Jewelry & Watches","Vintage & Antique Jewelry","Price Guides & Publications",,,,,"171122","48579"
"166734","Jewelry & Watches","Vintage & Antique Jewelry","Other",,,,,"166734","48579"
"14324","Jewelry & Watches","Watches",,,,,,"14324","281"
"31387","Jewelry & Watches","Watches","Wristwatches",,,,,"31387","14324"
"3937","Jewelry & Watches","Watches","Pocket Watches",,,,,"3937","14324"
"3940","Jewelry & Watches","Watches","Pocket Watches","Antique",,,,"3940","3937"
"3938","Jewelry & Watches","Watches","Pocket Watches","Modern",,,,"3938","3937"
"14325","Jewelry & Watches","Watches","Pocket Watches","Tools & Parts",,,,"14325","3937"
"398","Jewelry & Watches","Watches","Pocket Watches","Other",,,,"398","3937"
"173699","Jewelry & Watches","Watches","Key Ring Watches",,,,,"173699","14324"
"10329","Jewelry & Watches","Watches","Necklace Watches",,,,,"10329","14324"
"173697","Jewelry & Watches","Watches","Nurse Watches",,,,,"173697","14324"
"173698","Jewelry & Watches","Watches","Ring Watches",,,,,"173698","14324"
"98625","Jewelry & Watches","Watches","Watch Batteries",,,,,"98625","14324"
"98624","Jewelry & Watches","Watches","Wristwatch Bands",,,,,"98624","14324"
"173695","Jewelry & Watches","Watches","Boxes, Cases & Watch Winders",,,,,"173695","14324"
"173696","Jewelry & Watches","Watches","Parts, Tools & Guides",,,,,"173696","14324"
"63200","Jewelry & Watches","Watches","Parts, Tools & Guides","Parts",,,,"63200","173696"
"57714","Jewelry & Watches","Watches","Parts, Tools & Guides","Parts","Bezels & Inserts",,,"57714","63200"
"10326","Jewelry & Watches","Watches","Parts, Tools & Guides","Parts","Chains",,,"10326","63200"
"57715","Jewelry & Watches","Watches","Parts, Tools & Guides","Parts","Crystals",,,"57715","63200"
"10328","Jewelry & Watches","Watches","Parts, Tools & Guides","Parts","Fobs",,,"10328","63200"
"57720","Jewelry & Watches","Watches","Parts, Tools & Guides","Parts","Movements",,,"57720","63200"
"10324","Jewelry & Watches","Watches","Parts, Tools & Guides","Parts","Other",,,"10324","63200"
"117039","Jewelry & Watches","Watches","Parts, Tools & Guides","Tools & Repair Kits",,,,"117039","173696"
"165144","Jewelry & Watches","Watches","Parts, Tools & Guides","Watches for Parts",,,,"165144","173696"
"93720","Jewelry & Watches","Watches","Parts, Tools & Guides","Manuals & Guides",,,,"93720","173696"
"10363","Jewelry & Watches","Watches","Parts, Tools & Guides","Other",,,,"10363","173696"
"166739","Jewelry & Watches","Watches","Other",,,,,"166739","14324"
"98863","Jewelry & Watches","Other",,,,,,"98863","281"
"40131","Jewelry & Watches","Wholesale Lots",,,,,,"40131","281"
"64498","Jewelry & Watches","Wholesale Lots","Body Jewelry",,,,,"64498","40131"
"64499","Jewelry & Watches","Wholesale Lots","Body Jewelry","Belly Rings",,,,"64499","64498"
"64500","Jewelry & Watches","Wholesale Lots","Body Jewelry","Tongue Rings",,,,"64500","64498"
"51011","Jewelry & Watches","Wholesale Lots","Body Jewelry","Other",,,,"51011","64498"
"64501","Jewelry & Watches","Wholesale Lots","Bracelets",,,,,"64501","40131"
"64502","Jewelry & Watches","Wholesale Lots","Bracelets","Silver",,,,"64502","64501"
"64503","Jewelry & Watches","Wholesale Lots","Bracelets","Mixed Lots",,,,"64503","64501"
"45083","Jewelry & Watches","Wholesale Lots","Bracelets","Other",,,,"45083","64501"
"56142","Jewelry & Watches","Wholesale Lots","Charms, Charm Bracelets",,,,,"56142","40131"
"56143","Jewelry & Watches","Wholesale Lots","Charms, Charm Bracelets","Bracelets",,,,"56143","56142"
"64504","Jewelry & Watches","Wholesale Lots","Charms, Charm Bracelets","Charms",,,,"64504","56142"
"64505","Jewelry & Watches","Wholesale Lots","Charms, Charm Bracelets","Charms","Italian",,,"64505","64504"
"64506","Jewelry & Watches","Wholesale Lots","Charms, Charm Bracelets","Charms","Traditional",,,"64506","64504"
"45084","Jewelry & Watches","Wholesale Lots","Charms, Charm Bracelets","Charms","Other",,,"45084","64504"
"56144","Jewelry & Watches","Wholesale Lots","Charms, Charm Bracelets","Other",,,,"56144","56142"
"51013","Jewelry & Watches","Wholesale Lots","Earrings",,,,,"51013","40131"
"64507","Jewelry & Watches","Wholesale Lots","Earrings","Diamond",,,,"64507","51013"
"14884","Jewelry & Watches","Wholesale Lots","Earrings","Gemstone",,,,"14884","51013"
"56145","Jewelry & Watches","Wholesale Lots","Earrings","Gold (w/o Stone)",,,,"56145","51013"
"97682","Jewelry & Watches","Wholesale Lots","Earrings","Gold Plate/Fill (w/o Stone)",,,,"97682","51013"
"51014","Jewelry & Watches","Wholesale Lots","Earrings","Sterling Silver (w/o Stone)",,,,"51014","51013"
"64508","Jewelry & Watches","Wholesale Lots","Earrings","Mixed Lots",,,,"64508","51013"
"51015","Jewelry & Watches","Wholesale Lots","Earrings","Other",,,,"51015","51013"
"64509","Jewelry & Watches","Wholesale Lots","Hair Jewelry",,,,,"64509","40131"
"40132","Jewelry & Watches","Wholesale Lots","Loose Gemstones",,,,,"40132","40131"
"56146","Jewelry & Watches","Wholesale Lots","Necklaces",,,,,"56146","40131"
"56147","Jewelry & Watches","Wholesale Lots","Necklaces","Bead",,,,"56147","56146"
"64510","Jewelry & Watches","Wholesale Lots","Necklaces","Gemstone",,,,"64510","56146"
"45078","Jewelry & Watches","Wholesale Lots","Necklaces","Sterling Silver (w/o Stone)",,,,"45078","56146"
"64511","Jewelry & Watches","Wholesale Lots","Necklaces","Mixed Lots",,,,"64511","56146"
"56148","Jewelry & Watches","Wholesale Lots","Necklaces","Other",,,,"56148","56146"
"45079","Jewelry & Watches","Wholesale Lots","Pendants & Lockets",,,,,"45079","40131"
"45081","Jewelry & Watches","Wholesale Lots","Pins, Brooches",,,,,"45081","40131"
"64512","Jewelry & Watches","Wholesale Lots","Rings",,,,,"64512","40131"
"64513","Jewelry & Watches","Wholesale Lots","Rings","CZ, Diamond Simulants",,,,"64513","64512"
"64514","Jewelry & Watches","Wholesale Lots","Rings","Silver",,,,"64514","64512"
"64515","Jewelry & Watches","Wholesale Lots","Rings","Mixed Lots",,,,"64515","64512"
"48761","Jewelry & Watches","Wholesale Lots","Rings","Other",,,,"48761","64512"
"45080","Jewelry & Watches","Wholesale Lots","Sets",,,,,"45080","40131"
"64516","Jewelry & Watches","Wholesale Lots","Supplies",,,,,"64516","40131"
"51020","Jewelry & Watches","Wholesale Lots","Watches",,,,,"51020","40131"
"51021","Jewelry & Watches","Wholesale Lots","Watches","Parts & Accessories",,,,"51021","51020"
"64517","Jewelry & Watches","Wholesale Lots","Watches","Wristwatches",,,,"64517","51020"
"64518","Jewelry & Watches","Wholesale Lots","Watches","Wristwatches","Men's",,,"64518","64517"
"64519","Jewelry & Watches","Wholesale Lots","Watches","Wristwatches","Women's",,,"64519","64517"
"64520","Jewelry & Watches","Wholesale Lots","Watches","Wristwatches","Mixed Lots",,,"64520","64517"
"40133","Jewelry & Watches","Wholesale Lots","Watches","Wristwatches","Other",,,"40133","64517"
"51022","Jewelry & Watches","Wholesale Lots","Watches","Other",,,,"51022","51020"
"10992","Jewelry & Watches","Wholesale Lots","Mixed Jewelry Lots",,,,,"10992","40131"
"45085","Jewelry & Watches","Wholesale Lots","Other",,,,,"45085","40131"
