"619","Musical Instruments & Gear",,,,,,,"619","619"
"16218","Musical Instruments & Gear","Accordion & Concertina",,,,,,"16218","619"
"16212","Musical Instruments & Gear","Brass",,,,,,"16212","619"
"101554","Musical Instruments & Gear","Brass","Alto Horn",,,,,"101554","16212"
"179014","Musical Instruments & Gear","Brass","Baritone",,,,,"179014","16212"
"75557","Musical Instruments & Gear","Brass","Bugle",,,,,"75557","16212"
"41396","Musical Instruments & Gear","Brass","Cornet",,,,,"41396","16212"
"159943","Musical Instruments & Gear","Brass","Euphonium",,,,,"159943","16212"
"64374","Musical Instruments & Gear","Brass","Flugelhorn",,,,,"64374","16212"
"16215","Musical Instruments & Gear","Brass","French Horn",,,,,"16215","16212"
"159945","Musical Instruments & Gear","Brass","Mellophone",,,,,"159945","16212"
"159944","Musical Instruments & Gear","Brass","Sousaphone",,,,,"159944","16212"
"16216","Musical Instruments & Gear","Brass","Trombone",,,,,"16216","16212"
"16214","Musical Instruments & Gear","Brass","Trumpet",,,,,"16214","16212"
"179015","Musical Instruments & Gear","Brass","Tuba",,,,,"179015","16212"
"41398","Musical Instruments & Gear","Brass","Parts, Accessories",,,,,"41398","16212"
"118974","Musical Instruments & Gear","Brass","Vintage (Pre-1980)",,,,,"118974","16212"
"159946","Musical Instruments & Gear","Brass","Vintage (Pre-1980)","Cornet",,,,"159946","118974"
"118976","Musical Instruments & Gear","Brass","Vintage (Pre-1980)","Trombone",,,,"118976","118974"
"118975","Musical Instruments & Gear","Brass","Vintage (Pre-1980)","Trumpet",,,,"118975","118974"
"118977","Musical Instruments & Gear","Brass","Vintage (Pre-1980)","Other",,,,"118977","118974"
"620","Musical Instruments & Gear","Brass","Other",,,,,"620","16212"
"180008","Musical Instruments & Gear","Equipment",,,,,,"180008","619"
"41403","Musical Instruments & Gear","Equipment","Cases",,,,,"41403","180008"
"106454","Musical Instruments & Gear","Equipment","Clothing & Uniforms",,,,,"106454","180008"
"39179","Musical Instruments & Gear","Equipment","Hearing Protection",,,,,"39179","180008"
"41404","Musical Instruments & Gear","Equipment","Metronomes",,,,,"41404","180008"
"101555","Musical Instruments & Gear","Equipment","Stands",,,,,"101555","180008"
"64388","Musical Instruments & Gear","Equipment","Tuners",,,,,"64388","180008"
"1288","Musical Instruments & Gear","Equipment","Other",,,,,"1288","180008"
"3858","Musical Instruments & Gear","Guitar",,,,,,"3858","619"
"33021","Musical Instruments & Gear","Guitar","Acoustic",,,,,"33021","3858"
"22966","Musical Instruments & Gear","Guitar","Acoustic Electric",,,,,"22966","3858"
"4713","Musical Instruments & Gear","Guitar","Bass",,,,,"4713","3858"
"84659","Musical Instruments & Gear","Guitar","Beginner Packages",,,,,"84659","3858"
"47066","Musical Instruments & Gear","Guitar","Beginner Packages","Acoustic Guitar",,,,"47066","84659"
"64398","Musical Instruments & Gear","Guitar","Beginner Packages","Bass Guitar",,,,"64398","84659"
"47074","Musical Instruments & Gear","Guitar","Beginner Packages","Electric Guitar",,,,"47074","84659"
"119544","Musical Instruments & Gear","Guitar","Classical",,,,,"119544","3858"
"33034","Musical Instruments & Gear","Guitar","Electric",,,,,"33034","3858"
"64397","Musical Instruments & Gear","Guitar","Bass Amplifiers",,,,,"64397","3858"
"38072","Musical Instruments & Gear","Guitar","Guitar Amplifiers",,,,,"38072","3858"
"121154","Musical Instruments & Gear","Guitar","Guitar Amplifiers","Acoustic",,,,"121154","38072"
"10171","Musical Instruments & Gear","Guitar","Guitar Amplifiers","Electric",,,,"10171","38072"
"170603","Musical Instruments & Gear","Guitar","Guitar Amplifiers","Speaker Cabinets",,,,"170603","38072"
"43375","Musical Instruments & Gear","Guitar","Guitar Amplifiers","Parts & Accessories",,,,"43375","38072"
"121161","Musical Instruments & Gear","Guitar","Guitar Amplifiers","Other",,,,"121161","38072"
"47067","Musical Instruments & Gear","Guitar","Guitar Builder/ Luthier Supply",,,,,"47067","3858"
"64407","Musical Instruments & Gear","Guitar","Novelty & Gifts",,,,,"64407","3858"
"64408","Musical Instruments & Gear","Guitar","Novelty & Gifts","Apparel",,,,"64408","64407"
"85852","Musical Instruments & Gear","Guitar","Novelty & Gifts","Ads",,,,"85852","64407"
"68178","Musical Instruments & Gear","Guitar","Novelty & Gifts","Mini Guitars",,,,"68178","64407"
"64414","Musical Instruments & Gear","Guitar","Novelty & Gifts","Pins",,,,"64414","64407"
"64415","Musical Instruments & Gear","Guitar","Novelty & Gifts","Other",,,,"64415","64407"
"180009","Musical Instruments & Gear","Guitar","Parts & Accessories",,,,,"180009","3858"
"47075","Musical Instruments & Gear","Guitar","Parts & Accessories","Cables",,,,"47075","180009"
"33050","Musical Instruments & Gear","Guitar","Parts & Accessories","Capos",,,,"33050","180009"
"41408","Musical Instruments & Gear","Guitar","Parts & Accessories","Cases",,,,"41408","180009"
"41410","Musical Instruments & Gear","Guitar","Parts & Accessories","Effects Pedals",,,,"41410","180009"
"41411","Musical Instruments & Gear","Guitar","Parts & Accessories","Effects Pedals","Bass",,,"41411","41410"
"41412","Musical Instruments & Gear","Guitar","Parts & Accessories","Effects Pedals","Boards & Cases",,,"41412","41410"
"41413","Musical Instruments & Gear","Guitar","Parts & Accessories","Effects Pedals","Chorus",,,"41413","41410"
"41414","Musical Instruments & Gear","Guitar","Parts & Accessories","Effects Pedals","Compressors & Sustainers",,,"41414","41410"
"159952","Musical Instruments & Gear","Guitar","Parts & Accessories","Effects Pedals","Custom",,,"159952","41410"
"41415","Musical Instruments & Gear","Guitar","Parts & Accessories","Effects Pedals","Delay, Echo & Reverb",,,"41415","41410"
"41416","Musical Instruments & Gear","Guitar","Parts & Accessories","Effects Pedals","Distortion & Overdrive",,,"41416","41410"
"101973","Musical Instruments & Gear","Guitar","Parts & Accessories","Effects Pedals","Filter & Modulation",,,"101973","41410"
"41417","Musical Instruments & Gear","Guitar","Parts & Accessories","Effects Pedals","Flangers",,,"41417","41410"
"41418","Musical Instruments & Gear","Guitar","Parts & Accessories","Effects Pedals","Fuzz",,,"41418","41410"
"101974","Musical Instruments & Gear","Guitar","Parts & Accessories","Effects Pedals","Loopers & Samplers",,,"101974","41410"
"41419","Musical Instruments & Gear","Guitar","Parts & Accessories","Effects Pedals","Multi-Effects",,,"41419","41410"
"41420","Musical Instruments & Gear","Guitar","Parts & Accessories","Effects Pedals","Phasers & Shifters",,,"41420","41410"
"101975","Musical Instruments & Gear","Guitar","Parts & Accessories","Effects Pedals","Power Supplies",,,"101975","41410"
"41421","Musical Instruments & Gear","Guitar","Parts & Accessories","Effects Pedals","Processors",,,"41421","41410"
"41422","Musical Instruments & Gear","Guitar","Parts & Accessories","Effects Pedals","Wah & Volume",,,"41422","41410"
"22669","Musical Instruments & Gear","Guitar","Parts & Accessories","Effects Pedals","Other",,,"22669","41410"
"148640","Musical Instruments & Gear","Guitar","Parts & Accessories","Footrests",,,,"148640","180009"
"159953","Musical Instruments & Gear","Guitar","Parts & Accessories","Guitar Parts",,,,"159953","180009"
"41406","Musical Instruments & Gear","Guitar","Parts & Accessories","Guitar Parts","Bodies",,,"41406","159953"
"41407","Musical Instruments & Gear","Guitar","Parts & Accessories","Guitar Parts","Bridges",,,"41407","159953"
"170605","Musical Instruments & Gear","Guitar","Parts & Accessories","Guitar Parts","Capacitors",,,"170605","159953"
"47076","Musical Instruments & Gear","Guitar","Parts & Accessories","Guitar Parts","Knobs, Jacks, Switches",,,"47076","159953"
"41423","Musical Instruments & Gear","Guitar","Parts & Accessories","Guitar Parts","Necks",,,"41423","159953"
"101976","Musical Instruments & Gear","Guitar","Parts & Accessories","Guitar Parts","Nuts",,,"101976","159953"
"41424","Musical Instruments & Gear","Guitar","Parts & Accessories","Guitar Parts","Pickguards",,,"41424","159953"
"22670","Musical Instruments & Gear","Guitar","Parts & Accessories","Guitar Parts","Pickups",,,"22670","159953"
"85856","Musical Instruments & Gear","Guitar","Parts & Accessories","Guitar Parts","Plates",,,"85856","159953"
"101977","Musical Instruments & Gear","Guitar","Parts & Accessories","Guitar Parts","Saddles",,,"101977","159953"
"148648","Musical Instruments & Gear","Guitar","Parts & Accessories","Guitar Parts","Tremolos",,,"148648","159953"
"41434","Musical Instruments & Gear","Guitar","Parts & Accessories","Guitar Parts","Tuning Pegs",,,"41434","159953"
"46678","Musical Instruments & Gear","Guitar","Parts & Accessories","Guitar Parts","Other",,,"46678","159953"
"46682","Musical Instruments & Gear","Guitar","Parts & Accessories","Picks",,,,"46682","180009"
"46680","Musical Instruments & Gear","Guitar","Parts & Accessories","Polishes & Cleaners",,,,"46680","180009"
"85857","Musical Instruments & Gear","Guitar","Parts & Accessories","Slides",,,,"85857","180009"
"22671","Musical Instruments & Gear","Guitar","Parts & Accessories","Stands & Hangers",,,,"22671","180009"
"46677","Musical Instruments & Gear","Guitar","Parts & Accessories","Straps",,,,"46677","180009"
"41431","Musical Instruments & Gear","Guitar","Parts & Accessories","Strings",,,,"41431","180009"
"20987","Musical Instruments & Gear","Guitar","Parts & Accessories","Strings","Acoustic",,,"20987","41431"
"41432","Musical Instruments & Gear","Guitar","Parts & Accessories","Strings","Bass",,,"41432","41431"
"41433","Musical Instruments & Gear","Guitar","Parts & Accessories","Strings","Electric",,,"41433","41431"
"47616","Musical Instruments & Gear","Guitar","Parts & Accessories","Strings","Other",,,"47616","41431"
"22672","Musical Instruments & Gear","Guitar","Parts & Accessories","Tuners",,,,"22672","180009"
"7266","Musical Instruments & Gear","Guitar","Parts & Accessories","Other",,,,"7266","180009"
"159948","Musical Instruments & Gear","Guitar","Travel Guitars",,,,,"159948","3858"
"118978","Musical Instruments & Gear","Guitar","Vintage (Pre-1980)",,,,,"118978","3858"
"118979","Musical Instruments & Gear","Guitar","Vintage (Pre-1980)","Acoustic",,,,"118979","118978"
"118984","Musical Instruments & Gear","Guitar","Vintage (Pre-1980)","Bass",,,,"118984","118978"
"118985","Musical Instruments & Gear","Guitar","Vintage (Pre-1980)","Electric",,,,"118985","118978"
"118983","Musical Instruments & Gear","Guitar","Vintage (Pre-1980)","Guitar Amplifiers",,,,"118983","118978"
"118994","Musical Instruments & Gear","Guitar","Vintage (Pre-1980)","Other",,,,"118994","118978"
"621","Musical Instruments & Gear","Guitar","Other",,,,,"621","3858"
"47078","Musical Instruments & Gear","Harmonica",,,,,,"47078","619"
"47079","Musical Instruments & Gear","Harmonica","Contemporary",,,,,"47079","47078"
"119095","Musical Instruments & Gear","Harmonica","Vintage (Pre-1980)",,,,,"119095","47078"
"16228","Musical Instruments & Gear","Harmonica","Parts & Accessories",,,,,"16228","47078"
"47043","Musical Instruments & Gear","Instruction Books, CDs & Video",,,,,,"47043","619"
"117051","Musical Instruments & Gear","Instruction Books, CDs & Video","Music Theory & Ear Training",,,,,"117051","47043"
"41778","Musical Instruments & Gear","Instruction Books, CDs & Video","Brass",,,,,"41778","47043"
"41779","Musical Instruments & Gear","Instruction Books, CDs & Video","Guitar",,,,,"41779","47043"
"47080","Musical Instruments & Gear","Instruction Books, CDs & Video","Harmonica",,,,,"47080","47043"
"38101","Musical Instruments & Gear","Instruction Books, CDs & Video","Keyboard & Piano",,,,,"38101","47043"
"41782","Musical Instruments & Gear","Instruction Books, CDs & Video","Percussion",,,,,"41782","47043"
"38102","Musical Instruments & Gear","Instruction Books, CDs & Video","Strings",,,,,"38102","47043"
"159982","Musical Instruments & Gear","Instruction Books, CDs & Video","Voice",,,,,"159982","47043"
"41788","Musical Instruments & Gear","Instruction Books, CDs & Video","Woodwinds",,,,,"41788","47043"
"23308","Musical Instruments & Gear","Instruction Books, CDs & Video","Other",,,,,"23308","47043"
"175696","Musical Instruments & Gear","Karaoke Entertainment",,,,,,"175696","619"
"64602","Musical Instruments & Gear","Karaoke Entertainment","Complete Karaoke Systems",,,,,"64602","175696"
"64606","Musical Instruments & Gear","Karaoke Entertainment","Players & Mic-Based Players",,,,,"64606","175696"
"64604","Musical Instruments & Gear","Karaoke Entertainment","Karaoke CDGs, DVDs & Media",,,,,"64604","175696"
"50590","Musical Instruments & Gear","Karaoke Entertainment","Karaoke Microphones",,,,,"50590","175696"
"64605","Musical Instruments & Gear","Karaoke Entertainment","Karaoke Mixers",,,,,"64605","175696"
"163828","Musical Instruments & Gear","Karaoke Entertainment","Other",,,,,"163828","175696"
"180012","Musical Instruments & Gear","Percussion",,,,,,"180012","619"
"41440","Musical Instruments & Gear","Percussion","Bells & Chimes",,,,,"41440","180012"
"41441","Musical Instruments & Gear","Percussion","Cymbals",,,,,"41441","180012"
"38092","Musical Instruments & Gear","Percussion","Drums",,,,,"38092","180012"
"38093","Musical Instruments & Gear","Percussion","Drums","Bass",,,,"38093","38092"
"38069","Musical Instruments & Gear","Percussion","Drums","Electronic Drums",,,,"38069","38092"
"38095","Musical Instruments & Gear","Percussion","Drums","Snare",,,,"38095","38092"
"38096","Musical Instruments & Gear","Percussion","Drums","Toms",,,,"38096","38092"
"47085","Musical Instruments & Gear","Percussion","Drums","World Drums",,,,"47085","38092"
"38097","Musical Instruments & Gear","Percussion","Drums","Sets & Kits",,,,"38097","38092"
"10175","Musical Instruments & Gear","Percussion","Drums","Other",,,,"10175","38092"
"47090","Musical Instruments & Gear","Percussion","Shakers & Blocks",,,,,"47090","180012"
"41457","Musical Instruments & Gear","Percussion","Tambourines",,,,,"41457","180012"
"41458","Musical Instruments & Gear","Percussion","Xylophones, Vibes & Marimbas",,,,,"41458","180012"
"180013","Musical Instruments & Gear","Percussion","Parts & Accessories",,,,,"180013","180012"
"41449","Musical Instruments & Gear","Percussion","Parts & Accessories","Bags & Cases",,,,"41449","180013"
"41450","Musical Instruments & Gear","Percussion","Parts & Accessories","Heads",,,,"41450","180013"
"41451","Musical Instruments & Gear","Percussion","Parts & Accessories","Hoops & Rims",,,,"41451","180013"
"47089","Musical Instruments & Gear","Percussion","Parts & Accessories","Mounts & Assembly Hardware",,,,"47089","180013"
"41452","Musical Instruments & Gear","Percussion","Parts & Accessories","Pedals",,,,"41452","180013"
"47579","Musical Instruments & Gear","Percussion","Parts & Accessories","Practice Pads",,,,"47579","180013"
"41453","Musical Instruments & Gear","Percussion","Parts & Accessories","Stands",,,,"41453","180013"
"41456","Musical Instruments & Gear","Percussion","Parts & Accessories","Sticks & Brushes",,,,"41456","180013"
"47084","Musical Instruments & Gear","Percussion","Parts & Accessories","Stools & Thrones",,,,"47084","180013"
"10173","Musical Instruments & Gear","Percussion","Parts & Accessories","Other",,,,"10173","180013"
"119014","Musical Instruments & Gear","Percussion","Vintage, Pre-1980",,,,,"119014","180012"
"622","Musical Instruments & Gear","Percussion","Other",,,,,"622","180012"
"180010","Musical Instruments & Gear","Pianos, Keyboards & Organs",,,,,,"180010","619"
"38088","Musical Instruments & Gear","Pianos, Keyboards & Organs","Electronic Keyboards",,,,,"38088","180010"
"16219","Musical Instruments & Gear","Pianos, Keyboards & Organs","Organs",,,,,"16219","180010"
"43393","Musical Instruments & Gear","Pianos, Keyboards & Organs","Pianos",,,,,"43393","180010"
"43376","Musical Instruments & Gear","Pianos, Keyboards & Organs","Pianos","Grand, Baby Grand",,,,"43376","43393"
"43377","Musical Instruments & Gear","Pianos, Keyboards & Organs","Pianos","Upright",,,,"43377","43393"
"85860","Musical Instruments & Gear","Pianos, Keyboards & Organs","Pianos","Digital",,,,"85860","43393"
"159954","Musical Instruments & Gear","Pianos, Keyboards & Organs","Pianos","Player",,,,"159954","43393"
"16220","Musical Instruments & Gear","Pianos, Keyboards & Organs","Pianos","Other",,,,"16220","43393"
"178895","Musical Instruments & Gear","Pianos, Keyboards & Organs","Player Piano Rolls",,,,,"178895","180010"
"117049","Musical Instruments & Gear","Pianos, Keyboards & Organs","Piano Stools",,,,,"117049","180010"
"148727","Musical Instruments & Gear","Pianos, Keyboards & Organs","Keyboard Cases",,,,,"148727","180010"
"180011","Musical Instruments & Gear","Pianos, Keyboards & Organs","Parts & Accessories",,,,,"180011","180010"
"1289","Musical Instruments & Gear","Pianos, Keyboards & Organs","Other",,,,,"1289","180010"
"180014","Musical Instruments & Gear","Pro Audio Equipment",,,,,,"180014","619"
"168129","Musical Instruments & Gear","Pro Audio Equipment","Acoustical Treatments",,,,,"168129","180014"
"163896","Musical Instruments & Gear","Pro Audio Equipment","Amplifiers",,,,,"163896","180014"
"123445","Musical Instruments & Gear","Pro Audio Equipment","Audio/MIDI Interfaces",,,,,"123445","180014"
"41459","Musical Instruments & Gear","Pro Audio Equipment","Cables, Snakes & Interconnects",,,,,"41459","180014"
"23789","Musical Instruments & Gear","Pro Audio Equipment","Cases, Racks & Bags",,,,,"23789","180014"
"175830","Musical Instruments & Gear","Pro Audio Equipment","Digital DJ Controllers",,,,,"175830","180014"
"157158","Musical Instruments & Gear","Pro Audio Equipment","DJ Equipment Packages",,,,,"157158","180014"
"19699","Musical Instruments & Gear","Pro Audio Equipment","DJ Mixers",,,,,"19699","180014"
"48460","Musical Instruments & Gear","Pro Audio Equipment","DJ Turntables",,,,,"48460","180014"
"157161","Musical Instruments & Gear","Pro Audio Equipment","DJ Turntable Parts & Accs",,,,,"157161","180014"
"14985","Musical Instruments & Gear","Pro Audio Equipment","DJ & Monitoring Headphones",,,,,"14985","180014"
"4785","Musical Instruments & Gear","Pro Audio Equipment","Live & Studio Mixers",,,,,"4785","180014"
"29946","Musical Instruments & Gear","Pro Audio Equipment","Microphones",,,,,"29946","180014"
"159955","Musical Instruments & Gear","Pro Audio Equipment","Power Conditioners",,,,,"159955","180014"
"119018","Musical Instruments & Gear","Pro Audio Equipment","Preamps & Channel Strips",,,,,"119018","180014"
"15199","Musical Instruments & Gear","Pro Audio Equipment","Recorders",,,,,"15199","180014"
"38070","Musical Instruments & Gear","Pro Audio Equipment","Samplers & Sequencers",,,,,"38070","180014"
"23791","Musical Instruments & Gear","Pro Audio Equipment","Signal Processors/Rack Effects",,,,,"23791","180014"
"177027","Musical Instruments & Gear","Pro Audio Equipment","Software, Loops & Samples",,,,,"177027","180014"
"47091","Musical Instruments & Gear","Pro Audio Equipment","Speakers & Monitors",,,,,"47091","180014"
"47092","Musical Instruments & Gear","Pro Audio Equipment","Speaker Drivers & Horns",,,,,"47092","180014"
"29948","Musical Instruments & Gear","Pro Audio Equipment","Stands, Mounts & Holders",,,,,"29948","180014"
"177028","Musical Instruments & Gear","Pro Audio Equipment","Studio/Live Equipment Packages",,,,,"177028","180014"
"38071","Musical Instruments & Gear","Pro Audio Equipment","Synthesizers",,,,,"38071","180014"
"113484","Musical Instruments & Gear","Pro Audio Equipment","Parts & Accessories",,,,,"113484","180014"
"119019","Musical Instruments & Gear","Pro Audio Equipment","Vintage Pro Audio Equipment",,,,,"119019","180014"
"3278","Musical Instruments & Gear","Pro Audio Equipment","Other",,,,,"3278","180014"
"180015","Musical Instruments & Gear","Sheet Music & Song Books",,,,,,"180015","619"
"1451","Musical Instruments & Gear","Sheet Music & Song Books","Sheet Music",,,,,"1451","180015"
"155305","Musical Instruments & Gear","Sheet Music & Song Books","Sheet Music","Black Americana",,,,"155305","1451"
"43379","Musical Instruments & Gear","Sheet Music & Song Books","Sheet Music","Blues, Jazz",,,,"43379","1451"
"113500","Musical Instruments & Gear","Sheet Music & Song Books","Sheet Music","Christian, Gospel",,,,"113500","1451"
"155306","Musical Instruments & Gear","Sheet Music & Song Books","Sheet Music","Christmas Carols",,,,"155306","1451"
"42459","Musical Instruments & Gear","Sheet Music & Song Books","Sheet Music","Classical",,,,"42459","1451"
"113486","Musical Instruments & Gear","Sheet Music & Song Books","Sheet Music","Classical","Band",,,"113486","42459"
"113487","Musical Instruments & Gear","Sheet Music & Song Books","Sheet Music","Classical","Brass",,,"113487","42459"
"113488","Musical Instruments & Gear","Sheet Music & Song Books","Sheet Music","Classical","Chamber",,,"113488","42459"
"113489","Musical Instruments & Gear","Sheet Music & Song Books","Sheet Music","Classical","Choral",,,"113489","42459"
"113490","Musical Instruments & Gear","Sheet Music & Song Books","Sheet Music","Classical","Opera",,,"113490","42459"
"113491","Musical Instruments & Gear","Sheet Music & Song Books","Sheet Music","Classical","Orchestral",,,"113491","42459"
"113492","Musical Instruments & Gear","Sheet Music & Song Books","Sheet Music","Classical","Organ",,,"113492","42459"
"113493","Musical Instruments & Gear","Sheet Music & Song Books","Sheet Music","Classical","Piano",,,"113493","42459"
"113494","Musical Instruments & Gear","Sheet Music & Song Books","Sheet Music","Classical","String",,,"113494","42459"
"113495","Musical Instruments & Gear","Sheet Music & Song Books","Sheet Music","Classical","Vocal",,,"113495","42459"
"43380","Musical Instruments & Gear","Sheet Music & Song Books","Sheet Music","Classical","Other",,,"43380","42459"
"72446","Musical Instruments & Gear","Sheet Music & Song Books","Sheet Music","Country, Western",,,,"72446","1451"
"155303","Musical Instruments & Gear","Sheet Music & Song Books","Sheet Music","Hawaiian",,,,"155303","1451"
"113497","Musical Instruments & Gear","Sheet Music & Song Books","Sheet Music","Instrumental Collections",,,,"113497","1451"
"1452","Musical Instruments & Gear","Sheet Music & Song Books","Sheet Music","Military, Historical",,,,"1452","1451"
"1453","Musical Instruments & Gear","Sheet Music & Song Books","Sheet Music","Movies, TV",,,,"1453","1451"
"155304","Musical Instruments & Gear","Sheet Music & Song Books","Sheet Music","Polka",,,,"155304","1451"
"43381","Musical Instruments & Gear","Sheet Music & Song Books","Sheet Music","Popular, by decade",,,,"43381","1451"
"43382","Musical Instruments & Gear","Sheet Music & Song Books","Sheet Music","Popular, by decade","Pre 1900",,,"43382","43381"
"43383","Musical Instruments & Gear","Sheet Music & Song Books","Sheet Music","Popular, by decade","1900 - 1909",,,"43383","43381"
"43384","Musical Instruments & Gear","Sheet Music & Song Books","Sheet Music","Popular, by decade","1910 - 1919",,,"43384","43381"
"43385","Musical Instruments & Gear","Sheet Music & Song Books","Sheet Music","Popular, by decade","1920s",,,"43385","43381"
"43386","Musical Instruments & Gear","Sheet Music & Song Books","Sheet Music","Popular, by decade","1930s",,,"43386","43381"
"43387","Musical Instruments & Gear","Sheet Music & Song Books","Sheet Music","Popular, by decade","1940s",,,"43387","43381"
"43388","Musical Instruments & Gear","Sheet Music & Song Books","Sheet Music","Popular, by decade","1950s",,,"43388","43381"
"43389","Musical Instruments & Gear","Sheet Music & Song Books","Sheet Music","Popular, by decade","1960s",,,"43389","43381"
"43390","Musical Instruments & Gear","Sheet Music & Song Books","Sheet Music","Popular, by decade","1970s",,,"43390","43381"
"100231","Musical Instruments & Gear","Sheet Music & Song Books","Sheet Music","Popular, by decade","1980s",,,"100231","43381"
"100232","Musical Instruments & Gear","Sheet Music & Song Books","Sheet Music","Popular, by decade","1990s to present",,,"100232","43381"
"1455","Musical Instruments & Gear","Sheet Music & Song Books","Sheet Music","Radio",,,,"1455","1451"
"1456","Musical Instruments & Gear","Sheet Music & Song Books","Sheet Music","Rag",,,,"1456","1451"
"58726","Musical Instruments & Gear","Sheet Music & Song Books","Sheet Music","Rock",,,,"58726","1451"
"1458","Musical Instruments & Gear","Sheet Music & Song Books","Sheet Music","Theater, Showtunes",,,,"1458","1451"
"113501","Musical Instruments & Gear","Sheet Music & Song Books","Sheet Music","Vocal Collections",,,,"113501","1451"
"157","Musical Instruments & Gear","Sheet Music & Song Books","Sheet Music","Other",,,,"157","1451"
"38103","Musical Instruments & Gear","Sheet Music & Song Books","Song Books",,,,,"38103","180015"
"159956","Musical Instruments & Gear","Sheet Music & Song Books","Song Books","Accordion",,,,"159956","38103"
"43391","Musical Instruments & Gear","Sheet Music & Song Books","Song Books","Brass & Woodwind",,,,"43391","38103"
"31211","Musical Instruments & Gear","Sheet Music & Song Books","Song Books","Guitar",,,,"31211","38103"
"31212","Musical Instruments & Gear","Sheet Music & Song Books","Song Books","Piano",,,,"31212","38103"
"43392","Musical Instruments & Gear","Sheet Music & Song Books","Song Books","String Instruments",,,,"43392","38103"
"123446","Musical Instruments & Gear","Sheet Music & Song Books","Song Books","Vocal",,,,"123446","38103"
"1457","Musical Instruments & Gear","Sheet Music & Song Books","Song Books","Other",,,,"1457","38103"
"12922","Musical Instruments & Gear","Stage Lighting & Effects",,,,,,"12922","619"
"177022","Musical Instruments & Gear","Stage Lighting & Effects","Stage Lighting: Single Units",,,,,"177022","12922"
"12921","Musical Instruments & Gear","Stage Lighting & Effects","Stage Lighting: Systems & Kits",,,,,"12921","12922"
"177023","Musical Instruments & Gear","Stage Lighting & Effects","DJ Lighting: Single Units",,,,,"177023","12922"
"177024","Musical Instruments & Gear","Stage Lighting & Effects","DJ Lighting: Systems & Kits",,,,,"177024","12922"
"69960","Musical Instruments & Gear","Stage Lighting & Effects","Atmospheric Effects Machines",,,,,"69960","12922"
"132998","Musical Instruments & Gear","Stage Lighting & Effects","Atmospheric Effects Fluids",,,,,"132998","12922"
"170088","Musical Instruments & Gear","Stage Lighting & Effects","Cables & Interconnects",,,,,"170088","12922"
"30889","Musical Instruments & Gear","Stage Lighting & Effects","Controllers & Dimmers",,,,,"30889","12922"
"177025","Musical Instruments & Gear","Stage Lighting & Effects","Folding Screens & Backdrops",,,,,"177025","12922"
"81967","Musical Instruments & Gear","Stage Lighting & Effects","Gobos, Gels, Filters & Lenses",,,,,"81967","12922"
"29945","Musical Instruments & Gear","Stage Lighting & Effects","Lighting Stands & Trusses",,,,,"29945","12922"
"81970","Musical Instruments & Gear","Stage Lighting & Effects","Replacement Bulbs & Lamps",,,,,"81970","12922"
"12930","Musical Instruments & Gear","Stage Lighting & Effects","Parts & Accessories",,,,,"12930","12922"
"170089","Musical Instruments & Gear","Stage Lighting & Effects","Other",,,,,"170089","12922"
"180016","Musical Instruments & Gear","String",,,,,,"180016","619"
"16221","Musical Instruments & Gear","String","Autoharp & Zither",,,,,"16221","180016"
"16222","Musical Instruments & Gear","String","Bass-Upright",,,,,"16222","180016"
"10177","Musical Instruments & Gear","String","Banjo",,,,,"10177","180016"
"101567","Musical Instruments & Gear","String","Bouzouki/ Mandola",,,,,"101567","180016"
"10178","Musical Instruments & Gear","String","Cello",,,,,"10178","180016"
"16223","Musical Instruments & Gear","String","Harp & Dulcimer",,,,,"16223","180016"
"112676","Musical Instruments & Gear","String","Lute",,,,,"112676","180016"
"10179","Musical Instruments & Gear","String","Mandolin",,,,,"10179","180016"
"112677","Musical Instruments & Gear","String","Sitar",,,,,"112677","180016"
"16224","Musical Instruments & Gear","String","Ukulele",,,,,"16224","180016"
"16225","Musical Instruments & Gear","String","Viola",,,,,"16225","180016"
"38107","Musical Instruments & Gear","String","Violin",,,,,"38107","180016"
"100233","Musical Instruments & Gear","String","Violin","Acoustic",,,,"100233","38107"
"38108","Musical Instruments & Gear","String","Violin","Acoustic","4/4 Size",,,"38108","100233"
"38109","Musical Instruments & Gear","String","Violin","Acoustic","3/4 Size",,,"38109","100233"
"38110","Musical Instruments & Gear","String","Violin","Acoustic","1/2 Size",,,"38110","100233"
"38111","Musical Instruments & Gear","String","Violin","Acoustic","1/4 Size",,,"38111","100233"
"10180","Musical Instruments & Gear","String","Violin","Acoustic","Other",,,"10180","100233"
"100234","Musical Instruments & Gear","String","Violin","Electric",,,,"100234","38107"
"38106","Musical Instruments & Gear","String","Parts & Accessories",,,,,"38106","180016"
"119023","Musical Instruments & Gear","String","Vintage (Pre-1980)",,,,,"119023","180016"
"119024","Musical Instruments & Gear","String","Vintage (Pre-1980)","Banjo",,,,"119024","119023"
"119025","Musical Instruments & Gear","String","Vintage (Pre-1980)","Ukulele",,,,"119025","119023"
"119026","Musical Instruments & Gear","String","Vintage (Pre-1980)","Violin",,,,"119026","119023"
"119027","Musical Instruments & Gear","String","Vintage (Pre-1980)","Other",,,,"119027","119023"
"623","Musical Instruments & Gear","String","Other",,,,,"623","180016"
"10181","Musical Instruments & Gear","Woodwind",,,,,,"10181","619"
"16226","Musical Instruments & Gear","Woodwind","Bagpipes",,,,,"16226","10181"
"16227","Musical Instruments & Gear","Woodwind","Bassoon",,,,,"16227","10181"
"47096","Musical Instruments & Gear","Woodwind","Clarinet",,,,,"47096","10181"
"159957","Musical Instruments & Gear","Woodwind","Clarinet","Alto",,,,"159957","47096"
"159958","Musical Instruments & Gear","Woodwind","Clarinet","Bass",,,,"159958","47096"
"47098","Musical Instruments & Gear","Woodwind","Clarinet","Bb Soprano",,,,"47098","47096"
"119029","Musical Instruments & Gear","Woodwind","Clarinet","Vintage (Pre-1980)",,,,"119029","47096"
"164784","Musical Instruments & Gear","Woodwind","Clarinet","Accessories",,,,"164784","47096"
"10182","Musical Instruments & Gear","Woodwind","Clarinet","Other",,,,"10182","47096"
"90849","Musical Instruments & Gear","Woodwind","Didgeridoo",,,,,"90849","10181"
"10183","Musical Instruments & Gear","Woodwind","Flute",,,,,"10183","10181"
"178976","Musical Instruments & Gear","Woodwind","Melodica",,,,,"178976","10181"
"112678","Musical Instruments & Gear","Woodwind","Oboe",,,,,"112678","10181"
"180017","Musical Instruments & Gear","Woodwind","Ocarina",,,,,"180017","10181"
"16229","Musical Instruments & Gear","Woodwind","Piccolo",,,,,"16229","10181"
"16230","Musical Instruments & Gear","Woodwind","Recorder",,,,,"16230","10181"
"16231","Musical Instruments & Gear","Woodwind","Saxophone",,,,,"16231","10181"
"16232","Musical Instruments & Gear","Woodwind","Saxophone","Alto",,,,"16232","16231"
"16233","Musical Instruments & Gear","Woodwind","Saxophone","Baritone, Bass",,,,"16233","16231"
"16203","Musical Instruments & Gear","Woodwind","Saxophone","Soprano",,,,"16203","16231"
"16234","Musical Instruments & Gear","Woodwind","Saxophone","Tenor",,,,"16234","16231"
"119030","Musical Instruments & Gear","Woodwind","Saxophone","Vintage (Pre-1980)",,,,"119030","16231"
"38112","Musical Instruments & Gear","Woodwind","Saxophone","Accessories",,,,"38112","16231"
"10184","Musical Instruments & Gear","Woodwind","Saxophone","Other",,,,"10184","16231"
"91502","Musical Instruments & Gear","Woodwind","Whistles",,,,,"91502","10181"
"47097","Musical Instruments & Gear","Woodwind","Parts & Accessories",,,,,"47097","10181"
"119028","Musical Instruments & Gear","Woodwind","Vintage (Pre-1980)",,,,,"119028","10181"
"624","Musical Instruments & Gear","Woodwind","Other",,,,,"624","10181"
"52555","Musical Instruments & Gear","Wholesale Lots",,,,,,"52555","619"
"52556","Musical Instruments & Gear","Wholesale Lots","Guitar",,,,,"52556","52555"
"52557","Musical Instruments & Gear","Wholesale Lots","Pro Audio",,,,,"52557","52555"
"52558","Musical Instruments & Gear","Wholesale Lots","Sheet Music",,,,,"52558","52555"
"36354","Musical Instruments & Gear","Wholesale Lots","Other Wholesale Lots",,,,,"36354","52555"
"308","Musical Instruments & Gear","Other",,,,,,"308","619"
